syllable,start_frame,duration_frames
2,115,5
7,152,31
7,184,10
7,197,19
0,216,31
0,275,15
2,290,16
99,306,8
9,314,15
9,334,7
9,348,19
23,405,9
23,416,11
0,432,16
11,508,5
0,523,5
6,624,13
6,651,5
3,667,10
0,677,28
0,715,4
0,721,20
2,741,6
2,756,24
11,820,6
3,875,5
3,882,6
3,894,15
2,922,6
13,928,5
7,933,77
7,1013,63
7,1079,8
1,1087,44
19,1131,4
1,1135,28
7,1163,62
1,1225,16
9,1241,7
1,1248,42
9,1290,49
1,1339,28
7,1367,38
1,1405,94
7,1499,17
1,1516,4
2,1520,42
5,1562,3
2,1565,4
2,1579,6
3,1585,3
7,1588,26
0,1614,8
8,1622,14
8,1647,10
13,1657,3
7,1660,39
1,1699,14
0,1713,18
0,1746,3
0,1764,4
3,1768,3
8,1779,92
1,1871,9
8,1886,40
3,1931,5
4,1938,5
3,1943,18
9,1961,14
9,1978,68
2,2046,19
1,2065,30
7,2095,55
8,2150,8
1,2158,18
1,2188,3
2,2191,15
1,2219,13
7,2238,76
3,2317,5
7,2747,11
7,2762,12
3,2775,8
8,2794,9
0,2803,19
0,2823,27
0,2855,4
8,2859,20
8,2880,8
2,2897,4
2,2903,5
2,2958,23
6,2981,26
6,3008,76
6,3086,37
3,3123,6
1,3135,25
3,3160,7
0,3170,8
0,3183,3
2,3234,14
2,3252,6
2,3271,5
3,3308,6
3,3316,5
13,3324,9
0,3333,16
1,3349,55
7,3404,19
7,3427,57
13,3484,14
0,3498,52
3,3550,8
0,3558,35
1,3593,36
3,3629,5
6,3634,40
2,3674,28
1,3702,19
2,3721,37
6,3758,23
3,3781,11
9,3792,39
2,3831,26
9,3862,6
1,3890,7
1,3902,12
2,3922,3
2,3941,10
9,3977,6
9,3985,21
9,4008,3
3,4011,17
0,4031,5
7,4082,25
7,4115,13
15,4138,19
15,4161,32
2,4193,16
3,4209,7
2,4231,25
0,4256,16
2,4272,10
7,4288,33
8,4321,32
6,4353,95
13,4448,6
7,4454,7
13,4461,10
0,4471,6
2,4477,11
6,4501,21
3,4522,5
1,4527,225
3,4752,5
1,4757,16
8,4773,9
1,4782,82
0,4864,17
1,4881,71
2,4952,8
14,4960,103
8,5063,11
14,5074,63
14,5140,346
2,5486,7
14,5493,116
2,5609,7
14,5616,191
2,5807,4
1,5811,125
2,5936,6
1,5942,17
2,5959,5
1,5964,69
6,6033,15
2,6048,13
14,6061,141
2,6202,7
1,6209,15
2,6224,5
14,6229,1142
16,7371,6
1,7377,36
2,7413,4
0,7417,23
3,7440,23
5,7463,3
2,7466,38
0,7504,4
2,7508,13
1,7549,37
13,7586,7
7,7593,59
2,7652,4
0,7676,17
9,7693,24
13,7717,4
2,7721,11
6,7732,57
0,7789,29
1,7818,33
0,7851,13
1,7864,85
2,7949,4
1,7953,56
0,8009,3
1,8012,22
8,8034,7
1,8041,181
3,8222,4
1,8226,44
0,8270,17
3,8287,6
1,8293,181
2,8474,4
1,8478,262
2,8740,8
1,8748,91
3,8839,6
1,8845,41
2,8886,16
0,8902,3
1,8905,75
0,8980,59
1,9039,23
3,9062,5
1,9067,19
0,9086,4
1,9090,70
8,9160,14
3,9174,3
0,9177,55
2,9232,11
1,9243,9
3,9252,3
8,9255,17
0,9272,11
4,9283,3
0,9286,35
3,9321,11
9,9332,64
2,9396,10
0,9406,4
1,9410,8
19,9418,6
1,9424,18
2,9442,23
0,9465,40
2,9505,3
1,9518,22
7,9540,12
1,9552,48
1,9602,17
1,9625,4
1,9639,6
2,9645,9
1,9654,254
7,9908,28
2,9936,64
7,10000,10
1,10010,88
21,10098,11
1,10109,526
21,10635,45
1,10680,603
2,11283,9
1,11292,12
3,11304,3
7,11307,30
7,11340,7
99,11347,5
3,11360,5
6,11376,26
8,11402,9
1,11411,62
22,11473,23
22,11508,4
1,11512,34
1,11581,20
1,11603,6
1,11620,16
7,11647,9
7,11686,15
7,11704,7
7,11740,58
19,11798,3
19,11806,7
6,11813,97
1,11910,21
9,11931,39
19,11970,20
1,11990,93
2,12083,5
6,12088,10
0,12098,9
1,12107,13
1,12123,36
9,12159,8
9,12168,19
9,12191,13
1,12213,12
2,12225,14
1,12239,33
0,12272,10
1,12282,34
1,12322,7
1,12334,3
1,12340,5
2,12345,8
2,12359,31
7,12390,4
7,12412,9
7,12436,13
7,12466,25
6,12493,5
6,12502,32
6,12579,13
0,12608,2
0,12633,6
0,12641,4
1,12645,88
0,12734,5
0,12740,13
0,12755,4
3,12759,5
1,12764,51
99,12815,12
99,12836,26
0,12863,12
1,12875,10
1,12887,5
0,12896,13
99,12922,8
1,12942,3
1,12946,4
2,12963,4
1,12967,13
1,12986,4
1,12994,4
2,13019,4
6,13035,9
6,13045,4
99,13061,3
99,13071,12
6,13094,31
6,13129,25
2,13154,16
2,13177,10
6,13203,3
6,13207,3
6,13215,9
6,13233,5
0,13249,6
0,13256,4
99,13306,3
0,13309,22
1,13331,4
1,13341,3
1,13348,22
1,13391,9
1,13425,26
1,13470,15
1,13527,8
2,13535,6
15,13541,5
19,13564,12
6,13603,80
15,13683,45
3,13728,5
15,13733,30
2,13769,15
1,13784,9
3,13793,5
1,13798,9
2,13807,12
1,13819,20
2,13839,23
6,13862,39
6,13902,13
6,13919,16
99,13936,13
1,13952,10
1,13968,30
19,13998,4
0,14023,31
1,14054,9
19,14063,36
1,14099,42
6,14141,17
0,14158,45
3,14203,3
6,14206,27
6,14235,6
2,14242,78
1,14320,84
2,14404,6
17,14410,42
2,14452,9
1,14461,114
2,14575,6
1,14581,218
2,14799,5
1,14804,170
0,14974,31
11,15027,7
0,15038,13
1,15243,31
18,15292,7
1,15299,30
0,15368,9
3,15467,11
3,15480,4
8,15485,6
8,15492,5
8,15500,10
9,15510,36
1,15546,24
8,15570,31
1,15601,21
2,15622,44
0,15687,33
1,15720,18
7,15738,50
7,15791,10
99,15801,5
9,15806,54
9,15863,63
1,15926,87
9,16013,10
11,16024,8
0,16032,5
0,16041,9
0,16051,4
3,16055,4
0,16059,108
2,16167,36
0,16203,122
0,16333,14
0,16351,39
0,16399,58
2,16458,9
0,16467,54
1,16521,50
2,16571,19
1,16590,37
7,16627,24
1,16651,94
2,16745,5
17,16750,96
2,16846,33
1,16885,5
6,16890,7
6,16898,3
1,16901,13
3,16943,5
2,17011,7
11,17035,3
99,17041,3
99,17047,13
0,17060,8
0,17329,3
11,17558,6
4,17569,3
8,17572,7
8,17586,22
11,17608,8
4,17623,6
3,17635,4
1,17639,9
1,17652,12
2,17667,5
2,17686,3
21,17689,56
0,17745,105
9,17850,187
9,18046,8
20,18054,40
1,18094,25
20,18123,7
9,18130,14
1,18144,128
1,18277,26
9,18303,50
9,18360,19
16,18379,9
20,18388,6
20,18396,17
20,18423,11
1,18434,27
9,18461,105
1,18566,64
9,18630,13
1,18643,35
99,18678,5
9,18683,8
1,18691,40
9,18731,7
1,18738,240
2,18978,10
1,18988,18
9,19006,31
1,19037,40
2,19174,6
1,19180,27
8,19207,18
1,19225,11
2,19236,10
9,19246,133
1,19379,27
17,19406,34
1,19440,46
9,19486,62
1,19548,26
2,19574,12
1,19586,32
7,19618,27
1,19645,19
2,19664,3
1,19667,151
2,19818,10
1,19828,142
3,19970,5
21,19975,25
99,20000,6
1,20006,82
16,20088,31
1,20119,59
2,20178,5
1,20183,80
9,20263,10
1,20273,30
9,20303,4
1,20307,47
7,20354,56
1,20410,22
20,20432,36
1,20468,182
9,20650,6
1,20656,36
16,20692,6
1,20698,108
9,20806,7
1,20813,17
16,20830,16
1,20846,58
21,20904,56
1,20960,59
2,21019,6
1,21025,130
2,21155,5
1,21160,7
1,21173,67
7,21240,20
1,21260,100
20,21360,43
6,21403,49
7,21452,117
1,21569,210
7,21779,14
1,21793,35
20,21828,12
1,21840,30
7,21870,124
1,21994,87
7,22081,20
1,22101,85
7,22186,38
1,22224,46
2,22270,8
0,22278,33
2,22311,79
6,22390,73
2,22463,6
7,22469,96
0,22565,3
1,22568,27
2,22595,5
1,22600,38
2,22638,28
1,22666,12
1,22682,7
7,22689,23
3,22712,7
1,22719,38
0,22757,39
17,22796,276
2,23072,4
1,23076,66
7,23142,70
2,23212,6
17,23218,57
1,23275,61
2,23336,6
17,23342,546
1,23888,39
17,23927,122
3,24049,3
9,24052,31
1,24083,7
16,24090,9
17,24099,41
7,24140,94
0,24234,59
16,24293,26
0,24319,14
4,24333,4
8,24337,12
3,24349,5
2,24368,20
2,24401,19
1,24420,41
8,24461,6
1,24467,10
7,24477,77
5,24558,3
0,24561,58
2,24625,46
15,24671,118
23,24789,46
3,24835,3
1,24838,40
23,24878,33
0,24911,5
0,24921,12
0,24934,3
0,24941,6
3,24947,21
0,24968,10
2,24978,11
1,24989,11
2,25000,4
1,25004,78
21,25082,112
2,25194,12
7,25206,45
7,25252,46
1,25298,26
7,25324,90
2,25414,27
3,25441,8
3,25450,10
2,25460,20
1,25480,15
2,25495,64
14,25559,837
17,26396,383
19,26779,12
1,26791,40
5,26831,3
0,26834,17
2,26851,16
8,26867,43
7,26910,57
5,26967,3
7,26970,18
3,26988,4
99,26995,5
2,27000,20
0,27020,31
19,27051,108
1,27159,58
3,27217,3
17,27220,71
19,27291,18
1,27309,39
19,27348,22
7,27370,33
1,27403,29
19,27432,31
1,27463,17
19,27480,60
1,27540,15
19,27555,26
6,27581,76
15,27657,42
3,27699,6
15,27705,29
6,27734,22
0,27756,5
1,27761,12
2,27773,22
1,27795,14
16,27809,17
1,27826,45
6,27871,32
2,27903,33
0,27936,21
2,27957,42
1,27999,47
19,28046,39
2,28085,10
17,28095,265
6,28360,11
6,28377,59
3,28436,3
0,28439,40
2,28482,7
6,28489,26
6,28518,36
2,28554,43
6,28597,6
6,28606,21
6,28633,20
6,28657,4
6,28672,3
6,28681,4
6,28699,6
0,28705,15
7,28720,15
7,28740,9
9,28749,12
6,28761,67
1,28828,38
9,28866,12
1,28878,63
19,28941,49
1,28990,25
2,29015,28
6,29043,118
2,29161,23
4,29191,2
0,29193,4
3,29197,4
3,29219,3
9,29226,74
9,29303,6
2,29309,19
1,29328,8
8,29336,17
6,29353,35
0,29431,46
1,29477,33
4,29510,5
0,29515,5
3,29520,6
4,29526,7
0,29533,4
0,29542,14
4,29556,4
0,29560,12
4,29572,4
0,29576,12
8,29588,15
0,29603,12
8,29615,18
0,29633,29
4,29662,16
0,29678,23
0,29722,28
12,29755,3
0,29758,15
3,29773,5
0,29778,10
2,29788,23
15,29811,13
15,29828,9
2,29837,5
0,29899,3
0,29927,2
99,30006,5
0,30012,5
0,30030,10
0,30042,4
3,30048,8
0,30163,7
23,30172,14
23,30191,20
3,30233,3
3,30266,18
2,30284,15
11,30299,4
2,30573,5
23,30578,5
15,30583,46
8,30629,9
0,30649,11
0,30667,4
3,30739,6
1,30787,13
0,30806,3
1,30809,6
1,30817,8
1,30826,4
1,30834,5
0,30839,12
17,30851,35
17,30889,38
17,30928,71
2,30999,10
7,31009,11
7,31025,22
7,31052,14
7,31071,9
7,31081,5
7,31106,11
4,31117,9
4,31127,4
3,31131,6
9,31137,45
1,31182,62
20,31244,6
1,31253,113
9,31366,36
2,31402,34
4,31436,9
13,31445,12
0,31457,61
2,31518,9
1,31527,16
3,31543,4
1,31547,18
3,31565,5
1,31570,59
8,31629,5
1,31634,29
19,31663,5
1,31668,10
2,31678,5
1,31683,80
13,31763,3
0,31766,55
19,31821,42
1,31863,43
2,31906,10
6,31916,23
99,31939,15
0,31954,34
2,31995,6
1,32001,54
1,32056,29
3,32085,16
2,32101,62
19,32163,67
3,32230,5
6,32235,107
1,32342,29
2,32371,48
3,32419,13
3,32437,15
7,32452,22
19,32474,41
1,32515,16
1,32536,26
0,32562,12
19,32574,16
3,32590,3
0,32593,18
1,32611,20
8,32631,33
1,32664,19
3,32683,5
1,32688,79
13,32767,5
1,32772,31
13,32803,3
0,32806,4
1,32810,20
19,32830,30
1,32860,19
19,32879,21
3,32923,20
2,32943,23
2,32967,39
1,33006,28
1,33035,12
2,33047,6
2,33057,27
2,33085,5
1,33090,48
0,33138,4
1,33142,25
0,33167,10
0,33180,9
0,33199,10
5,33209,4
0,33213,60
7,33273,34
99,33313,6
0,33319,7
0,33331,5
0,33342,13
0,33365,44
0,33413,6
0,33421,18
2,33439,10
0,33466,4
5,33473,3
0,33476,4
0,33485,7
0,33494,18
0,33516,60
2,33576,13
1,33589,28
0,33617,23
1,33640,57
2,33705,3
2,33711,6
2,33720,12
1,33732,22
13,33754,5
7,33759,38
1,33797,13
0,33810,20
7,33830,35
0,33866,14
2,33896,4
2,33904,33
3,33937,15
3,33956,13
8,33969,34
1,34003,284
1,34296,3
1,34300,120
3,34420,3
6,34423,26
1,34449,140
2,34589,15
1,34604,339
2,34943,83
5,35026,3
0,35029,26
19,35055,30
1,35085,43
9,35128,40
3,35168,7
7,35175,7
13,35182,3
0,35185,48
13,35237,10
2,35247,13
0,35260,5
2,35265,21
1,35286,36
2,35322,4
1,35326,77
2,35403,6
1,35409,26
2,35435,14
6,35449,55
1,35504,224
2,35728,21
2,35750,19
3,35769,3
7,35772,10
1,35812,14
1,35833,15
1,35853,3
7,35862,4
7,35867,4
19,35890,9
1,35899,46
7,35945,23
7,35972,13
1,35985,24
3,36087,6
6,36093,3
6,36097,30
6,36168,44
3,36212,16
3,36229,4
4,37882,12
2,38237,8
2,38260,55
8,38315,56
1,38371,42
2,38413,39
7,38452,58
1,38510,26
3,38536,4
7,38540,53
1,38593,51
2,38644,4
2,38650,19
99,38669,5
0,38674,6
99,38683,24
0,38707,6
13,38713,16
5,38741,11
2,38752,10
2,38767,5
18,38777,8
3,38797,7
3,38810,11
2,38821,24
6,38845,24
1,38869,68
9,38937,3
9,38955,15
1,38970,32
2,39002,4
1,39006,57
6,39063,14
2,39077,12
1,39089,47
6,39136,79
1,39215,81
9,39296,54
0,39350,40
19,39390,25
1,39415,17
9,39432,12
2,39455,47
2,39509,5
2,39522,3
6,39539,3
6,39550,3
6,39556,14
3,39576,5
0,39601,20
3,39621,3
0,39629,3
1,39632,5
17,39662,8
17,39672,15
17,39692,18
17,39718,3
17,39727,7
17,39762,20
17,39783,5
17,39806,46
17,39856,21
17,39883,3
17,39889,9
17,39905,4
17,39915,88
2,40018,4
2,40025,21
6,40046,26
6,40121,37
4,40159,2
0,40161,4
3,40169,4
6,40173,64
99,40241,4
0,40245,16
2,40276,5
2,40282,41
2,40326,11
2,40345,13
0,40358,17
0,40379,19
0,40402,20
1,40422,26
2,40448,24
5,40477,5
2,40482,9
0,40491,7
0,40507,8
8,40515,19
14,40534,357
14,40893,14
14,40908,36
14,40946,14
14,40961,250
15,41211,16
7,41227,6
1,41233,35
7,41270,15
14,41287,152
14,41449,67
2,41516,3
14,41519,302
6,41821,9
14,41830,623
8,42453,4
1,42457,13
8,42470,3
14,42473,1287
7,43760,12
7,43774,4
1,43781,3
1,43786,163
2,43949,4
14,43953,87
6,44040,26
14,44066,880
1,44946,69
2,45015,4
14,45019,476
6,45538,20
1,45558,39
6,45597,50
2,45647,28
2,45676,16
1,45692,10
13,45702,4
7,45706,28
7,45738,13
1,45751,71
8,45822,7
1,45829,65
2,45894,5
1,45899,129
1,46040,4
1,46082,44
7,46126,54
2,46180,24
1,46204,18
2,46222,8
1,46230,23
9,46253,76
3,46329,4
9,46333,15
17,46348,50
2,46398,4
6,46402,118
1,46520,40
13,46560,3
0,46563,22
1,46585,32
2,46617,10
1,46627,11
0,46638,61
22,46699,27
1,46726,44
3,46770,5
1,46775,31
2,46806,40
1,46846,54
0,46900,24
2,46924,73
13,46997,4
2,47001,62
2,47066,36
7,47102,75
7,47180,9
7,47192,82
1,47274,33
7,47307,31
1,47338,10
1,47353,9
6,47362,26
13,47388,5
7,47393,9
7,47417,5
7,47425,7
7,47436,7
7,47477,10
7,47491,14
0,47506,4
1,47510,10
2,47520,5
1,47525,17
0,47542,28
1,47570,53
0,47623,4
1,47627,10
2,47637,42
9,47679,30
1,47709,12
7,47721,43
0,47764,6
1,47770,21
99,47791,6
1,47797,17
3,47814,5
1,47819,30
0,47849,50
3,47899,9
6,47908,19
0,47927,22
1,47949,141
9,48096,53
1,48149,11
2,48160,51
14,48211,56
6,48271,42
14,48313,81
8,48394,14
14,48408,28
1,48447,9
1,48461,6
22,48467,64
14,48531,76
6,48607,11
14,48618,78
2,48696,36
1,48732,78
13,48810,5
1,48815,13
2,48828,59
6,48898,17
0,48939,15
0,48975,12
0,49028,9
9,49038,12
9,49052,5
9,49059,5
0,49229,20
0,49282,7
0,49295,16
0,49599,15
0,49617,12
0,49630,17
0,49659,23
0,49683,10
0,49703,30
0,49744,20
1,49764,10
1,49775,9
2,49927,10
6,49937,8
6,49946,5
7,49973,27
0,50000,5
1,50005,203
0,50208,22
8,50257,40
14,50297,104
2,50401,11
1,50412,139
8,50551,31
9,50582,46
2,50628,7
1,50635,49
0,50684,40
7,50724,5
1,50729,50
7,50779,17
0,50796,26
3,50822,8
9,50830,23
2,50853,18
9,50871,14
9,50891,3
9,50898,3
1,50901,46
3,50947,3
6,50950,43
2,50993,29
0,51022,22
13,51044,11
2,51055,35
1,51090,8
3,51098,17
0,51115,27
0,51167,4
3,51171,7
2,51178,18
2,51201,5
2,51213,21
17,51234,16
17,51254,7
2,51261,16
0,51366,4
0,51372,5
0,51397,9
3,51406,14
0,51422,4
99,51426,4
2,51430,5
2,51438,10
2,51476,14
2,51496,18
6,51514,15
3,51529,9
7,51538,75
99,51613,23
0,51681,22
0,51843,5
3,51849,14
3,51864,10
2,51874,17
1,51891,19
2,51910,9
1,51919,25
0,51989,20
0,52011,7
6,52023,65
6,52101,14
2,52124,25
2,52192,23
1,52215,8
8,52223,25
1,52248,25
7,52298,76
1,52374,143
11,52517,13
3,52545,11
3,52557,3
7,52560,54
3,52614,4
6,52618,5
6,52628,69
3,52697,6
3,52704,3
3,52709,6
11,52715,6
2,52749,6
1,52755,22
2,52777,8
3,52789,5
3,52795,11
9,52806,46
8,52852,9
8,52862,40
1,52902,26
8,52928,20
1,52949,13
1,52968,12
8,52988,3
1,53005,4
1,53018,4
8,53027,9
1,53036,10
8,53046,24
0,53070,22
0,53093,40
0,53134,5
6,53145,10
6,53158,5
3,53165,4
6,53169,9
3,53180,8
3,53191,9
3,53201,6
5,53221,6
0,53227,4
13,53237,6
7,53246,9
7,53260,5
7,53271,9
1,53280,38
2,53318,10
1,53328,13
2,53341,9
1,53359,6
1,53374,27
7,53405,17
7,53429,4
7,53442,3
7,53461,10
1,53476,17
2,53508,8
1,53516,24
7,53540,3
7,53547,34
2,53581,14
1,53603,6
1,53624,17
3,53642,12
2,53654,13
2,53669,32
6,53712,17
6,53742,42
0,53784,9
2,53796,19
6,53816,34
18,53850,6
2,53856,9
6,53865,73
1,53938,20
8,53958,14
1,53972,24
6,53996,50
2,54046,12
1,54058,11
2,54069,17
1,54086,16
6,54102,62
2,54164,16
0,54180,7
0,54192,9
0,54206,3
2,54209,62
6,54271,31
0,54302,11
99,54313,3
21,54316,23
99,54339,5
2,54344,14
1,54358,90
2,54448,23
6,54471,142
1,54617,15
16,54632,7
1,54639,21
6,54660,16
1,54705,3
2,54708,21
6,54729,31
1,54760,43
2,54803,31
6,54834,74
18,54908,11
0,54919,16
3,54935,5
6,54940,10
6,54952,9
2,54964,7
1,54971,31
2,55002,5
1,55007,5
6,55050,21
1,55071,23
2,55094,12
99,55106,5
2,55111,20
6,55131,26
6,55162,60
3,55222,6
6,55228,4
6,55235,29
2,55264,36
1,55300,23
6,55323,26
2,55350,50
6,55400,56
18,55456,11
0,55472,3
6,55477,83
2,55560,35
1,55595,9
2,55604,15
6,55619,40
2,55659,12
3,55677,7
4,55684,3
3,55704,20
8,55735,9
8,55771,3
0,55801,5
0,55815,7
0,55827,7
7,55903,39
0,55942,5
0,55949,23
0,59193,6
0,59212,49
1,59261,20
1,59290,24
1,59329,10
2,59339,17
2,59357,5
9,59362,47
16,59409,18
1,59442,23
8,59475,4
1,59479,38
2,59521,11
1,59532,28
2,59560,14
21,59574,18
1,59592,30
6,59622,15
6,59641,128
1,59769,21
16,59792,54
2,59846,10
6,59856,10
6,59876,46
15,59923,2
15,59942,8
15,59973,11
15,59988,4
15,59997,7
15,60017,22
2,60039,15
6,60097,9
6,60121,11
2,60132,18
3,60406,5
3,60412,4
2,60416,6
1,60427,61
7,60488,32
8,60520,7
0,60588,3
0,60592,3
4,60635,2
0,60639,38
1,60677,39
2,60716,6
6,60722,25
3,60747,7
5,60771,3
0,60774,20
2,60794,17
1,60811,41
1,60853,13
7,60866,50
8,60916,24
3,60940,6
6,60946,50
2,60996,17
7,61013,11
3,61024,3
8,61027,29
7,61056,24
7,61086,17
7,61106,43
3,61149,6
3,61156,15
0,61171,11
0,61189,14
3,61203,14
16,61217,21
1,61238,114
8,61352,6
1,61358,27
3,61385,3
1,61388,19
8,61407,8
6,61415,74
1,61489,62
7,61551,38
7,61590,13
15,61603,102
15,61707,8
3,61715,4
1,61719,10
2,61729,10
2,61743,19
6,61762,85
0,61847,18
2,61865,46
6,61911,109
1,62020,50
2,62070,23
1,62093,13
8,62106,34
6,62140,28
8,62168,5
1,62173,42
6,62215,174
1,62389,17
2,62406,6
1,62412,55
2,62467,23
0,62490,30
8,62520,17
1,62537,58
7,62595,26
1,62621,67
2,62688,23
21,62711,31
99,62742,7
2,62749,10
1,62761,8
1,62778,66
0,62844,21
3,63001,11
6,63012,13
2,63025,10
9,63035,75
1,63110,33
9,63143,19
1,63162,37
2,63199,11
15,63210,47
3,63257,3
9,63260,71
0,63331,14
1,63345,21
1,63369,13
1,63385,9
2,63394,36
1,63430,42
16,63472,85
1,63557,8
2,63565,8
1,63573,12
9,63585,26
1,63611,15
0,63626,65
3,63691,8
9,63699,23
1,63722,48
2,63770,8
17,63778,186
2,63964,7
9,63971,63
18,64034,3
0,64037,19
3,64056,6
9,64062,11
0,64073,10
1,64083,30
0,64113,38
1,64151,102
16,64253,26
17,64279,32
99,64311,3
6,64314,11
6,64333,6
6,64341,68
1,64409,35
1,64445,6
1,64456,63
6,64519,25
2,64544,38
17,64582,151
2,64733,6
1,64739,98
7,64837,25
1,64862,338
2,65200,11
1,65211,23
7,65234,6
1,65240,22
2,65262,9
2,65278,8
1,65286,68
2,65354,4
1,65358,126
6,65484,153
8,65637,29
1,65666,91
2,65757,17
1,65778,10
1,65792,3
8,65801,5
1,65806,27
6,65833,5
6,65843,56
1,65908,30
7,65993,6
7,66002,52
1,66054,35
6,66089,79
1,66168,28
7,66196,50
8,66246,30
1,66276,65
7,66341,25
0,66366,20
0,66389,5
6,66394,19
6,66421,14
1,66437,22
9,66459,23
0,66484,3
8,66487,7
7,66494,58
0,66552,48
2,66600,14
1,66614,11
2,66625,8
17,66633,79
13,66712,3
1,66715,20
2,66735,8
1,66743,44
2,66787,20
1,66807,80
6,66887,40
1,66927,18
2,66945,10
0,66955,62
17,67017,59
2,67076,32
1,67108,81
17,67189,66
2,67255,9
1,67264,16
21,67280,58
2,67338,3
6,67341,47
2,67388,6
1,67394,38
20,67432,13
1,67445,19
2,67464,3
1,67467,38
7,67505,4
7,67513,64
7,67583,8
1,67623,3
1,67666,17
2,67702,14
3,67721,9
0,67735,3
1,67747,31
7,67778,87
1,67865,15
2,67880,15
11,67895,5
0,67901,21
2,67922,11
1,67933,12
7,67945,28
3,67973,14
2,67987,32
2,68020,44
4,68065,3
0,68089,29
8,68118,5
2,68172,5
6,68177,21
1,68198,36
8,68234,56
3,68291,14
6,68308,16
1,68324,165
1,68491,17
0,68508,96
0,68611,86
2,68706,22
2,68730,14
1,68744,18
2,68764,8
2,68776,42
6,68818,58
2,68876,19
6,68895,18
2,68913,6
4,68925,4
3,68930,9
2,68939,76
9,69015,20
1,69039,10
8,69049,32
6,69081,21
2,69102,31
1,69134,328
2,69462,5
0,69467,34
2,69501,44
0,69545,6
1,69551,78
9,69629,39
1,69668,34
9,69702,46
1,69748,13
17,69761,43
1,69804,84
13,69888,11
2,69899,49
6,69948,46
0,70001,28
3,70029,3
7,70032,65
13,70097,7
0,70104,9
2,70113,8
1,70121,29
2,70150,21
6,70171,13
0,70184,12
1,70196,13
8,70209,17
13,70226,6
0,70232,48
13,70280,13
7,70293,42
1,70335,239
2,70574,14
6,70589,25
2,70614,16
3,70630,4
9,70634,36
3,70670,7
3,70680,6
2,70686,34
2,70721,10
2,70733,16
0,70749,22
3,70771,4
2,70775,28
2,70812,3
2,70821,21
2,70843,3
6,71001,5
6,71018,5
2,71051,7
2,71070,4
3,71088,28
9,71116,21
9,71160,137
2,71297,43
2,71341,29
6,71370,26
2,71401,21
2,71424,9
6,71433,37
8,71470,35
1,71505,5
1,71521,11
8,71532,10
8,71544,24
7,71568,35
9,71603,57
1,71660,33
6,71693,50
2,71743,9
1,71752,41
9,71793,28
2,71821,19
1,71840,11
1,71855,19
2,71874,8
6,71882,43
18,71925,10
17,71935,54
2,71989,4
6,71993,58
2,72051,11
15,72062,92
2,72154,12
9,72166,42
16,72208,31
2,72239,13
6,72252,102
20,72354,20
1,72374,28
6,72402,29
3,72431,4
3,72439,14
2,72453,9
2,72467,21
1,72488,18
2,72506,26
0,72563,3
2,72587,6
1,72593,16
1,72614,37
6,72651,50
2,72709,43
2,72757,6
2,72764,22
2,72800,3
3,72803,8
2,72811,22
5,72833,3
0,72836,27
17,72863,40
17,72906,22
13,72928,4
0,72932,40
2,72972,32
1,73004,13
2,73017,48
6,73065,25
3,73090,4
7,73094,71
1,73165,27
13,73192,4
1,73196,23
5,73219,3
2,73222,30
1,73252,14
2,73266,14
0,73280,14
3,73295,10
8,73305,5
8,73311,28
0,73346,7
3,73353,33
6,73457,21
7,73478,114
1,73592,36
2,73628,16
7,73644,31
7,73680,25
7,73711,25
8,73736,85
3,73821,5
6,73826,36
7,73862,33
17,73911,64
7,73975,10
7,73996,4
7,74003,5
3,74012,7
0,74024,5
0,74035,11
8,74046,19
1,74065,13
2,74078,32
6,74110,38
8,74148,34
2,74197,26
1,74223,16
9,74239,28
1,74267,47
13,74314,3
0,74317,39
8,74356,10
8,74372,15
8,74389,17
2,74406,26
1,74432,23
3,74455,9
0,74464,8
3,74472,6
1,74478,20
0,74498,17
3,74515,8
1,74523,17
3,74540,5
6,74545,16
18,74561,15
13,74576,4
0,74580,19
6,74602,25
3,74627,19
0,74646,5
1,74651,17
2,74668,50
0,74718,26
13,74744,3
0,74747,23
2,74770,11
1,74781,55
6,74836,26
1,74862,37
6,74899,42
2,74941,26
2,74977,10
6,74987,41
2,75028,8
11,75036,9
3,75055,14
7,75069,109
0,75178,17
1,75195,38
13,75233,3
0,75236,49
0,75286,37
3,75323,12
7,75335,18
7,75354,22
5,75376,3
0,75379,15
1,75394,16
13,75410,3
1,75413,14
13,75427,7
0,75434,16
13,75450,9
0,75459,19
0,75486,4
13,75490,9
1,75499,23
0,75526,11
3,75537,6
7,75543,26
0,75569,50
5,75619,3
0,75622,20
5,75642,3
0,75645,14
0,75672,3
0,75691,3
0,75704,16
2,75720,33
0,75756,7
13,75763,5
7,75768,18
7,75792,48
4,75844,5
0,75914,5
2,76212,11
1,76223,28
8,76251,32
4,76283,12
3,76295,7
2,76302,40
1,76342,11
9,76353,31
1,76384,75
2,76459,19
1,76478,65
2,76543,6
17,76549,61
9,76610,66
1,76676,39
7,76715,21
1,76736,99
2,76835,8
1,76843,24
2,76867,7
9,76874,60
1,76934,162
7,77096,8
1,77104,58
2,77162,13
6,77175,18
8,77193,45
6,77238,137
2,77375,32
6,77407,38
1,77445,71
6,77516,84
1,77600,91
6,77691,79
2,77770,25
3,77795,18
3,77814,19
1,77833,39
0,77872,12
1,77884,24
7,77908,45
13,77953,5
0,77958,45
13,78003,5
1,78008,42
8,78050,21
1,78071,15
9,78086,30
1,78116,18
2,78134,5
1,78139,23
9,78162,35
1,78197,74
13,78271,6
2,78277,51
6,78328,98
2,78426,10
4,78436,4
3,78440,7
2,78447,55
1,78502,65
2,78567,4
1,78571,23
0,78594,24
1,78618,80
9,78698,68
1,78766,45
0,78811,14
13,78825,3
9,78828,56
99,78884,3
1,78887,48
7,78935,25
1,78960,25
9,78985,44
1,79029,82
2,79111,39
13,79150,13
0,79163,3
3,79166,14
2,79180,36
4,79216,11
4,79228,8
6,79236,118
6,79363,5
6,79369,35
1,79404,22
6,79435,5
6,79446,20
14,79466,60
8,79527,4
1,79543,3
1,79559,3
18,79603,7
1,79610,36
2,79646,4
6,79650,43
18,79693,5
1,79703,76
18,79779,5
14,79784,34
14,79822,3
14,79826,68
6,79894,14
14,79908,39
6,79947,27
6,79980,20
0,80000,56
1,80056,5
8,80061,5
6,80066,87
1,80153,25
6,80205,15
0,80220,15
6,80235,85
1,80320,14
1,80335,46
7,80381,22
2,80403,4
2,80420,8
3,80428,18
3,80456,7
2,80463,19
9,80599,5
0,81411,4
0,81420,10
0,81613,2
3,81615,16
0,81631,9
18,81640,3
18,81654,7
11,81661,7
2,81668,23
0,81691,27
99,81718,5
0,81723,18
0,81752,6
11,81758,8
2,81774,6
2,81787,3
2,81794,14
3,81839,3
0,81847,5
0,81865,8
0,81874,6
18,81888,5
18,81896,7
3,81908,7
2,81915,4
2,81920,5
11,81941,16
0,81957,6
3,81963,5
0,81968,13
2,81981,13
0,82019,8
2,82040,9
0,82049,19
2,82068,8
6,82076,25
3,82101,18
0,82169,13
3,82182,4
3,82189,5
3,82197,5
2,82272,23
0,82313,8
3,82332,9
3,82344,8
2,82356,5
2,82383,52
6,82435,3
6,82439,5
3,82444,6
3,82456,12
0,82468,6
2,82708,13
0,82721,26
13,82747,3
0,82750,46
5,82796,5
0,82810,20
5,82830,3
8,82833,13
5,82846,4
0,82850,17
8,82867,20
2,82887,33
3,82920,9
3,82934,12
0,82946,16
2,82962,56
9,83018,59
1,83077,46
6,83123,17
2,83140,26
1,83166,36
2,83202,18
1,83220,88
2,83308,5
1,83313,138
8,83451,7
1,83458,21
2,83479,14
6,83493,26
0,83519,20
3,83539,13
2,83552,11
1,83563,28
17,83591,91
19,83682,39
1,83721,212
2,83933,20
0,83953,29
1,83982,31
2,84013,17
1,84030,17
13,84047,4
7,84051,51
0,84102,46
2,84148,39
3,84187,34
8,84221,5
8,84227,43
3,84270,35
9,84305,16
1,84321,100
0,84421,41
1,84462,45
3,84507,8
9,84515,20
2,84535,12
1,84547,38
9,84585,39
2,84624,33
9,84657,17
8,84674,33
1,84707,16
0,84723,13
3,84736,3
0,84739,3
1,84742,71
2,84813,30
1,84843,42
2,84885,18
1,84903,79
9,84982,39
13,85021,36
0,85057,55
3,85112,10
6,85122,58
3,85180,13
7,85193,37
3,85230,7
6,85237,20
1,85266,10
0,85276,12
7,85288,45
3,85333,8
0,85634,5
3,85641,7
3,85674,12
9,85686,16
3,85702,21
2,85723,19
1,85742,21
7,85763,66
2,85829,7
1,85836,26
9,85862,4
1,85866,16
7,85882,20
2,85902,15
17,85917,29
0,85946,9
2,85955,16
4,85971,12
3,85983,10
8,85993,57
1,86050,19
2,86069,39
1,86108,30
8,86138,34
1,86172,69
3,86241,8
4,86249,8
9,86257,86
16,86343,51
1,86394,27
2,86421,9
1,86430,33
9,86463,21
22,86484,23
99,86507,7
2,86514,18
9,86532,26
1,86558,32
2,86590,9
6,86599,54
13,86653,4
7,86657,28
3,86685,21
99,86722,5
2,87351,11
1,87362,8
13,87370,4
0,87381,4
0,87394,5
0,87405,16
7,87428,5
7,87442,5
20,87447,28
20,87478,4
99,87482,3
99,87516,4
3,87549,4
3,87566,4
3,87584,5
2,87602,8
2,87629,9
7,87638,29
0,87720,9
0,87735,9
3,87749,18
2,88049,23
0,88076,23
0,88100,6
0,88109,15
13,88124,6
7,88130,12
1,88142,17
0,88159,6
2,88165,16
7,88181,30
2,88211,23
7,88262,7
7,88270,11
0,88281,6
2,88287,7
99,88294,4
0,88298,46
0,88354,5
2,88398,22
0,88420,60
3,88480,8
0,88566,6
0,88573,3
0,88620,12
99,88633,6
0,88639,21
3,88660,7
0,88674,3
0,88782,7
2,88789,7
2,88804,9
1,88813,11
11,88824,5
0,88829,49
99,88878,4
99,88885,7
0,88892,13
3,88905,8
0,88919,6
0,88964,5
9,89037,7
3,89292,6
0,89298,47
1,89345,12
1,89362,5
1,89371,7
0,89378,73
1,89451,25
2,89476,20
5,89496,4
0,89500,17
7,89517,35
2,89552,5
3,89584,47
3,89632,6
6,89638,58
14,89696,191
6,89887,37
14,89924,76
0,90000,5
14,90005,814
2,90819,7
1,90826,82
3,90908,5
6,90913,6
14,90919,487
6,91406,34
14,91440,50
8,91490,17
6,91507,26
14,91533,94
6,91627,30
2,91657,7
6,91664,24
2,91688,6
1,91694,11
8,91705,7
1,91712,26
1,91741,37
2,91778,14
1,91792,51
2,91843,10
6,91853,86
14,91939,54
8,91993,9
14,92002,75
17,92077,335
2,92412,66
1,92478,79
2,92557,49
1,92606,19
2,92625,19
0,92644,48
7,92692,84
7,92780,7
1,92787,34
0,92821,123
3,92944,10
6,92954,32
3,92986,18
0,93005,8
9,93013,15
5,93028,3
0,93031,28
23,93059,12
1,93071,13
9,93084,23
23,93107,27
3,93134,9
7,93143,14
0,93157,47
3,93204,27
99,93231,8
6,93239,55
99,93294,15
6,93309,17
99,93326,9
6,93335,45
0,93380,5
18,93385,3
1,93388,42
0,93430,13
4,93443,4
0,93447,25
3,93472,4
6,93476,25
6,93516,14
0,93530,7
1,93537,26
2,93563,36
6,93599,63
2,93662,14
13,93676,15
8,93691,12
3,93708,3
8,93711,18
1,93729,44
13,93773,4
0,93777,5
13,93782,10
1,93792,24
5,93823,5
2,93828,19
21,93847,48
3,93895,4
9,93903,22
1,93925,66
9,93991,12
1,94003,109
9,94112,46
1,94158,38
9,94196,43
1,94239,20
9,94259,40
1,94299,31
9,94330,17
1,94347,14
7,94361,48
1,94409,134
2,94543,5
1,94548,93
7,94641,17
1,94658,106
7,94764,55
2,94819,5
1,94824,15
3,94839,3
1,94842,106
20,94948,24
1,94972,21
7,94993,54
3,95047,21
0,95068,85
1,95153,49
0,95202,3
21,95205,42
1,95247,177
99,95424,9
1,95433,21
19,95454,4
1,95458,29
0,95487,34
1,95521,63
13,95584,4
1,95588,18
3,95606,4
1,95610,20
3,95630,4
7,95634,13
1,95647,23
3,95670,3
0,95673,13
6,95686,39
21,95725,100
3,95825,9
1,95834,15
7,95849,58
0,95907,8
99,95915,9
0,95924,38
99,95962,6
2,95968,37
2,96006,5
2,96012,3
1,96022,159
1,96185,18
0,96203,39
2,96242,12
6,96254,50
1,96304,33
6,96337,27
2,96364,6
0,96370,31
3,96401,12
6,96463,3
0,96480,8
0,96497,7
0,96583,5
0,96625,5
1,96658,3
1,96678,4
3,96893,4
4,96898,6
0,96904,3
0,97109,8
0,97118,28
0,97150,6
0,97164,3
5,97167,4
7,97178,5
2,97188,8
0,97196,6
3,97202,4
0,97228,8
11,97236,5
4,97254,7
4,97275,7
0,97324,3
4,97327,3
0,97330,4
0,97352,7
0,97421,5
4,97449,4
3,97570,6
9,97576,221
9,97802,125
1,97927,25
9,97952,11
3,97963,5
3,97969,14
2,97983,20
9,98003,51
1,98054,52
9,98106,21
1,98127,57
9,98184,6
1,98190,25
2,98215,14
3,98229,23
6,98252,27
3,98279,22
15,98301,117
4,98419,6
2,98502,5
2,98511,6
2,98518,4
1,98522,9
2,98536,18
1,98575,18
0,98595,28
8,98623,18
1,98641,28
8,98669,5
1,98674,18
7,98692,8
7,98705,15
7,98731,5
7,98738,9
0,98771,9
0,98781,9
11,98793,9
12,98802,3
7,98856,70
3,98997,8
0,99005,10
4,99016,3
0,99019,10
12,99030,3
0,99033,4
0,99039,17
0,99059,12
5,99073,3
0,99076,8
0,99279,5
0,99285,5
0,99291,5
11,99345,8
4,99354,16
3,99373,5
9,99378,36
1,99414,39
9,99453,94
1,99547,117
20,99664,7
1,99671,54
9,99725,45
2,99770,27
3,99797,6
7,99803,37
2,99840,23
1,99863,137
0,100000,24
2,100024,26
3,100050,11
2,100061,30
6,100091,68
20,100159,16
3,100175,33
6,100208,49
8,100257,43
1,100300,5
2,100305,20
0,100325,42
1,100367,7
2,100374,7
1,100381,18
2,100399,5
1,100404,53
2,100457,9
1,100466,86
2,100552,7
6,100559,40
15,100599,202
9,100801,99
0,100900,24
20,100924,22
2,100946,7
6,100953,28
3,100981,13
4,100994,15
3,101009,10
7,101019,10
0,101029,8
2,101037,11
1,101048,19
9,101067,6
9,101076,9
3,101085,3
2,101088,70
3,101166,14
0,101180,16
4,101204,3
0,101207,22
8,101230,3
8,101239,11
1,101250,4
1,101255,4
2,101259,54
0,101313,29
0,101343,55
3,101398,5
16,101403,71
15,101474,146
16,101620,88
1,101708,15
0,101723,14
16,101737,39
22,101776,56
99,101832,7
2,101839,13
1,101852,20
2,101872,12
15,101884,28
2,101912,11
15,101923,79
8,102002,6
1,102008,98
2,102106,9
1,102115,16
8,102131,3
1,102134,63
16,102197,15
15,102212,251
16,102463,28
14,102491,117
16,102608,26
22,102634,128
99,102762,3
17,102765,32
22,102797,203
1,103000,26
17,103026,8
2,103034,5
1,103039,27
16,103066,43
1,103109,39
22,103148,115
1,103263,20
2,103283,12
1,103295,17
17,103312,122
16,103434,99
1,103533,37
16,103570,86
15,103656,18
8,103674,6
1,103680,66
16,103746,41
14,103787,62
6,103849,92
9,103941,35
1,103976,12
8,103988,11
6,103999,51
18,104050,3
14,104053,53
16,104106,48
2,104154,42
1,104196,92
3,104288,16
2,104472,6
0,104516,2
4,104545,3
3,104551,6
0,104557,7
0,104568,5
0,104581,27
1,104608,41
1,104661,4
16,104665,9
9,104686,10
6,104726,5
6,104733,21
0,105461,5
0,105817,3
99,105848,3
2,105851,30
9,105881,69
0,105950,28
16,105978,40
1,106018,42
3,106060,12
1,106072,26
9,106098,84
1,106182,32
2,106214,3
0,106217,117
3,106334,19
8,106353,25
1,106408,4
1,106413,9
8,106422,12
6,106440,11
6,106452,22
3,106474,13
9,106487,44
7,106531,49
1,106580,28
15,106608,23
2,106631,4
9,106635,33
1,106668,53
9,106721,25
8,106746,54
1,106800,28
99,106828,95
1,106923,37
2,106960,40
1,107000,29
9,107029,27
3,107056,8
0,107064,8
1,107072,32
2,107104,6
4,107110,20
6,107130,25
6,107158,6
15,107164,75
15,107243,5
15,107249,266
6,107515,52
1,107567,64
6,107631,10
1,107641,120
2,107761,24
7,107785,50
1,107835,23
2,107858,14
17,107872,15
13,107887,3
7,107890,34
3,107925,31
9,107956,34
1,107990,40
2,108030,22
1,108052,91
8,108143,12
1,108155,26
3,108181,8
1,108189,37
9,108226,28
9,108258,49
3,108307,10
6,108317,25
3,108342,14
8,108356,22
3,108378,6
3,108438,10
3,108454,17
4,108471,6
3,108477,8
15,108485,236
6,108721,32
3,108753,4
3,108758,16
6,108774,16
3,108790,8
2,109076,33
99,109109,29
0,109138,136
0,109279,13
1,109292,21
2,109313,7
1,109320,17
2,109337,6
1,109343,43
1,109390,4
2,109394,40
23,109434,6
99,109482,3
99,109488,35
2,109523,22
18,109545,4
6,109549,20
8,109569,22
1,109591,16
0,109607,24
8,109631,13
11,109644,9
3,110696,6
5,110702,5
3,110707,13
6,110720,7
6,110729,6
6,110738,5
6,110747,15
3,110762,5
1,110779,18
3,110797,11
9,110808,21
9,110830,5
2,110910,33
2,110944,12
0,110956,7
3,110963,10
3,110977,27
8,111004,13
3,111021,7
0,111028,34
2,111062,23
2,111091,4
9,111118,5
3,111142,14
0,111156,8
0,111177,6
0,111184,5
2,111434,4
7,111438,5
0,111999,23
0,112050,8
0,112071,9
0,112084,7
11,112162,7
4,112179,4
0,112183,26
3,112209,3
1,112212,21
1,112234,38
1,112276,187
9,112463,16
1,112479,442
0,112921,23
21,112944,35
1,112979,10
2,112989,5
2,112996,9
15,113005,14
2,113019,28
1,113047,108
9,113155,7
1,113162,211
2,113373,29
1,113402,14
2,113416,7
1,113438,10
9,113452,3
1,113455,132
2,113587,6
1,113593,26
0,113619,4
1,113623,18
1,113655,30
9,113685,29
3,113714,8
16,113722,38
14,113760,352
6,114112,37
2,114149,4
15,114153,64
3,114217,3
21,114220,58
1,114278,29
6,114307,177
14,114484,55
6,114539,35
15,114574,141
2,114715,6
15,114721,58
16,114779,61
15,114840,28
2,114868,18
2,114890,9
14,114899,56
17,114955,78
14,115033,92
6,115125,12
14,115137,44
6,115181,62
14,115243,128
6,115371,77
2,115448,10
17,115458,196
3,115654,30
6,115684,15
3,115699,7
3,115707,3
2,115719,34
1,115753,137
7,115890,18
1,115908,35
7,115943,60
17,116003,39
1,116042,42
16,116084,26
1,116110,29
2,116139,38
1,116177,10
2,116187,29
4,116216,8
4,116225,21
0,116246,13
2,116298,9
1,116307,16
3,116323,6
99,116329,6
0,116335,22
3,116357,3
7,116360,3
7,116367,5
7,116376,9
0,116390,11
0,116404,5
4,116430,3
0,116433,11
2,116452,8
11,116460,3
0,116471,6
2,116477,5
2,116483,6
1,116489,23
7,116514,22
1,116590,11
99,116631,6
0,116641,11
12,116652,5
11,116657,6
3,116664,19
21,116683,22
1,116705,11
16,116716,115
3,116831,25
6,116857,100
14,116957,47
8,117004,59
1,117063,23
2,117086,10
6,117096,26
8,117122,9
1,117131,20
8,117151,23
6,117174,140
8,117314,39
6,117353,105
2,117458,18
1,117476,23
2,117499,11
6,117510,64
2,117574,56
6,117630,87
2,117717,58
6,117775,57
14,117832,144
6,117976,30
3,118006,10
7,118016,63
0,118079,64
11,118143,4
0,118147,9
3,118156,5
15,118161,78
2,118239,14
0,118253,24
3,118277,5
6,118282,12
2,118294,17
1,118311,7
2,118318,43
3,118361,12
8,118373,45
14,118418,57
6,118475,15
14,118490,68
16,118558,122
2,118680,18
9,118698,27
1,118725,34
0,118759,45
1,118804,62
1,118877,87
3,118964,23
3,118996,7
0,119003,21
0,119026,6
11,119033,17
11,120080,6
0,120086,18
7,120104,10
99,120116,16
3,120132,7
3,120144,6
6,120150,24
2,120176,71
1,120247,51
2,120298,21
1,120319,38
0,120357,93
2,120450,7
2,120459,42
1,120501,9
8,120510,44
1,120554,14
8,120568,12
1,120580,11
3,120591,4
6,120595,10
6,120608,25
99,120633,4
17,120637,60
1,120697,58
6,120755,51
1,120806,22
2,120828,31
1,120859,57
19,120916,15
0,120931,71
2,121002,20
0,121022,10
3,121032,6
9,121069,28
3,121097,5
7,121102,25
0,121127,8
3,121135,3
0,121138,9
99,121147,5
15,121152,34
2,121186,26
1,121212,60
9,121272,15
1,121287,32
6,121319,23
3,121342,5
9,121347,37
3,121384,17
7,121401,24
1,121425,60
2,121485,40
0,121525,9
7,121534,60
11,121594,5
4,121599,3
4,121603,5
13,121608,5
7,121613,51
3,121670,7
1,121677,37
99,121714,4
7,121718,34
3,121752,4
99,121770,3
7,121776,14
8,121790,16
3,121819,3
0,121822,23
1,121845,18
2,121863,15
1,121878,14
8,121892,4
1,121896,23
7,121919,10
7,121931,5
7,121959,5
7,121965,9
7,121978,43
7,122026,24
7,122053,13
7,122070,69
1,122139,42
2,122181,5
1,122186,38
3,122224,3
7,122227,64
3,122291,3
6,122294,45
1,122339,49
8,122388,9
7,122397,48
1,122445,467
8,122912,23
9,122935,20
1,122955,38
7,122993,3
7,123006,37
2,123043,28
1,123071,32
7,123103,82
8,123186,93
1,123279,33
3,123312,4
7,123316,31
1,123347,32
9,123379,43
3,123422,12
9,123434,35
1,123469,40
7,123509,27
1,123536,25
2,123561,11
1,123572,31
9,123603,10
9,123618,5
1,123627,35
1,123666,67
9,123733,38
1,123771,15
0,123786,33
2,123819,11
1,123830,11
1,123844,13
9,123857,5
1,123862,31
2,123893,16
21,123909,36
2,123945,21
2,123967,16
7,123983,46
99,124029,4
0,124033,54
1,124087,20
3,124107,4
0,124111,16
2,124127,37
0,124164,20
11,124184,6
4,124190,13
7,124203,15
0,124218,9
5,124227,4
0,124231,48
3,124279,4
7,124283,14
3,124297,4
0,124301,13
3,124314,7
7,124321,44
2,124365,21
1,124386,47
7,124433,38
2,124471,18
2,124496,10
6,124508,23
2,124531,9
2,124542,6
2,124563,12
6,124575,19
15,124594,75
6,124669,31
2,124700,5
6,124705,96
14,124801,52
15,124853,70
2,124923,3
1,124926,30
6,124956,98
8,125054,14
1,125068,43
8,125111,49
1,125160,14
2,125174,4
2,125182,45
1,125227,16
2,125243,5
1,125248,16
2,125264,14
8,125278,7
8,125292,74
1,125366,9
23,125375,6
15,125381,96
8,125477,26
15,125503,268
9,125771,21
3,125792,8
6,125800,50
3,125850,3
6,125853,36
0,125889,17
3,125906,3
0,125909,35
1,125944,13
8,125957,17
15,125974,12
15,125991,35
16,126026,18
15,126044,9
8,126053,29
15,126082,74
8,126156,31
15,126187,24
15,126212,5
8,126217,16
15,126233,44
6,126277,131
22,126408,113
0,126521,6
1,126527,19
16,126546,7
1,126553,21
2,126574,4
15,126578,20
2,126598,7
1,126605,37
20,126642,4
1,126646,32
8,126678,7
1,126685,42
3,126727,3
15,126730,62
2,126792,45
8,126837,34
11,126871,4
0,126875,44
8,126920,41
8,126964,34
0,126998,28
13,127026,4
0,127030,6
1,127036,23
3,127059,5
6,127064,16
99,127080,10
16,127090,14
1,127104,43
21,127147,20
1,127167,17
2,127184,17
6,127201,77
2,127278,16
1,127294,45
7,127339,6
7,127349,8
7,127367,9
8,127376,8
1,127384,17
3,127401,5
8,127406,34
1,127440,10
3,127450,8
8,127458,18
6,127476,76
14,127552,67
6,127619,31
2,127650,16
1,127666,33
8,127699,13
1,127712,12
8,127724,6
1,127730,21
3,127751,4
6,127755,5
20,127760,29
0,127789,58
3,127847,11
6,127858,6
1,127864,24
3,127888,4
8,127892,20
1,127912,30
9,127942,50
9,127993,66
8,128059,6
1,128065,20
18,128085,11
7,128096,128
20,128224,18
1,128242,24
2,128266,74
0,128340,22
2,128362,8
3,128370,13
8,128383,26
9,128409,16
2,128425,22
0,128447,30
2,128477,14
7,128491,31
0,128522,5
1,128527,19
0,128546,17
3,128563,4
9,128567,21
1,128588,16
0,128604,58
3,128662,3
1,128665,18
2,128683,9
1,128692,15
0,128707,23
99,128730,15
3,128745,12
0,128757,5
7,128762,34
0,128796,22
2,128818,14
1,128832,14
7,128846,17
0,128863,17
1,128880,35
0,128915,32
3,128947,12
0,128959,25
1,128984,10
2,128994,10
0,129004,38
2,129042,20
3,129062,6
0,129925,3
2,129928,7
1,129935,5
3,129940,9
3,129957,5
6,129962,38
0,130000,29
0,130073,5
6,130084,10
0,130124,5
16,130133,5
16,130139,11
0,130150,7
0,130158,5
0,130228,10
0,130260,9
0,130278,14
0,130313,23
0,130347,6
14,130353,27
6,130380,8
6,130408,5
2,130440,5
11,132590,6
2,132617,17
9,132745,11
9,132758,6
9,132766,5
2,132803,18
0,132821,22
8,132843,11
8,132855,31
3,132888,15
6,132905,5
6,132911,53
6,132965,20
6,132992,5
6,132998,44
6,133046,4
6,133069,15
6,133096,30
6,133152,5
6,133159,6
2,133220,17
6,133237,34
3,133271,12
0,133283,24
2,133323,10
0,133936,5
4,133943,8
7,133953,23
99,133976,18
7,133994,139
1,134133,22
8,134155,7
1,134162,46
7,134208,19
7,134241,22
3,134263,7
6,134270,23
4,134293,4
2,134311,15
4,134326,7
4,134339,3
3,134351,7
6,134358,46
15,134404,26
6,134430,11
2,134441,33
6,134474,131
3,134605,4
0,134609,43
1,134652,51
2,134703,38
1,134741,88
6,134829,43
8,134872,36
14,134908,47
2,134955,5
6,134960,64
14,135024,119
8,135143,6
14,135149,63
6,135212,116
2,135328,38
1,135366,17
8,135383,24
99,135407,4
1,135411,44
8,135455,34
22,135489,86
1,135575,32
8,135607,12
1,135619,12
2,135631,11
1,135642,9
8,135651,28
8,135680,8
3,135688,10
6,135698,19
99,135717,5
1,135722,19
3,135741,4
1,135745,14
8,135759,60
1,135819,29
8,135848,204
8,136054,46
0,136131,5
1,136136,27
8,136163,4
6,136167,13
6,136185,3
6,136193,23
8,136216,18
1,136234,70
8,136304,9
1,136313,4
1,136318,47
1,136366,3
1,136372,10
1,136390,28
1,136422,15
0,136455,5
2,136463,4
1,136469,10
22,136479,35
22,136515,36
1,136558,28
3,136586,3
0,136589,18
99,136614,3
3,136633,8
0,136641,15
1,136656,16
9,136672,39
3,136711,35
4,136746,7
4,136754,8
3,136762,7
3,136771,10
2,136781,25
0,136810,6
4,136816,3
0,136819,8
3,136846,16
0,136870,15
9,136918,17
9,136939,16
8,137040,4
1,137044,14
2,137076,9
0,137085,6
5,137091,4
0,137095,4
20,137099,9
20,137110,17
20,137139,3
20,137145,3
0,137165,9
20,137174,30
3,137204,10
18,137214,12
0,137226,16
4,137242,9
0,137251,18
3,137269,8
0,138770,13
9,138809,14
4,139250,4
0,139254,8
2,139262,8
1,139271,36
2,139448,14
6,139462,12
3,139474,3
0,139477,16
0,139495,16
1,139511,49
2,139561,6
1,139567,9
3,139576,6
1,139582,9
0,139634,19
1,139713,37
1,139751,8
1,139769,8
0,139783,3
1,139786,44
9,139830,9
3,139839,17
7,139856,11
1,139867,30
99,139989,6
11,140495,3
0,140498,5
3,140508,12
2,140520,15
1,140535,14
2,140549,11
1,140560,140
3,140700,26
4,140726,13
99,140808,4
3,140958,9
3,141068,3
0,141071,14
0,141119,3
99,141122,6
0,141236,5
4,141243,13
11,141256,3
3,141269,11
2,141280,34
1,141314,221
2,141535,5
1,141540,170
9,141710,7
1,141717,35
9,141752,18
1,141770,33
9,141803,10
1,141813,36
2,141849,65
6,141914,31
1,141945,34
2,141979,10
1,141989,25
2,142014,20
7,142034,27
3,142061,3
6,142064,44
1,142108,79
8,142187,41
1,142228,62
7,142290,47
13,142337,3
0,142340,7
2,142347,15
7,142362,39
0,142401,21
1,142422,88
8,142510,4
6,142514,56
1,142570,113
2,142683,7
1,142690,45
2,142735,5
1,142740,34
2,142774,3
1,142777,12
2,142789,4
1,142793,52
7,142845,44
1,142889,40
8,142929,55
1,142984,82
8,143066,20
1,143086,16
6,143102,70
0,143172,29
11,143201,4
0,143205,10
1,143215,19
2,143234,6
1,143240,18
2,143258,4
1,143262,39
7,143301,9
1,143310,81
2,143391,21
1,143412,25
2,143437,10
1,143447,35
2,143482,11
1,143493,9
0,143502,11
1,143513,32
7,143545,86
1,143631,14
2,143645,10
1,143655,13
2,143668,11
1,143679,7
0,143686,18
3,143704,3
6,143707,43
8,143750,9
1,143759,74
7,143833,10
5,143843,3
0,143846,22
3,143868,5
2,143873,16
1,143889,78
13,143967,4
7,143971,29
3,144000,4
2,144004,4
5,144008,7
0,144015,5
5,144020,3
7,144023,47
0,144070,23
3,144093,9
8,144102,61
0,144163,45
8,144208,29
2,144237,34
5,144271,4
0,144275,3
8,144278,6
1,144284,25
99,144309,4
0,144313,6
13,144319,9
8,144328,11
1,144339,12
13,144351,5
7,144356,17
0,144373,13
13,144386,6
2,144392,28
0,144420,45
2,144465,26
3,144491,24
0,144515,21
2,144536,8
0,144544,12
6,144556,27
1,144583,67
6,144650,202
3,144852,4
6,144856,180
13,145036,7
7,145043,18
0,145061,15
13,145076,4
1,145080,51
2,145131,43
0,145174,4
3,145178,10
2,145188,6
0,145194,5
5,145199,4
0,145203,21
3,145224,19
2,145243,86
6,145329,80
2,145409,5
1,145414,14
2,145428,4
1,145432,84
2,145516,19
1,145535,39
7,145574,81
8,145655,54
0,145709,25
2,145734,26
1,145760,146
9,145906,20
0,145926,14
99,145940,6
1,145946,113
2,146059,5
1,146064,39
7,146103,47
0,146150,16
1,146166,48
2,146214,4
5,146218,4
2,146222,58
0,146280,28
5,146308,3
0,146311,47
13,146358,11
7,146369,20
0,146389,18
2,146407,15
13,146422,9
0,146431,19
5,146450,5
7,146455,12
5,146467,3
9,146470,3
5,146473,3
0,146476,8
11,146484,4
0,146488,42
3,146530,6
0,146536,17
0,146555,14
0,146579,6
0,146592,7
5,146599,5
0,146604,10
0,146617,31
5,146649,3
0,146652,6
5,146658,4
0,146662,7
2,146672,31
0,146703,6
2,146709,20
0,146729,58
5,146792,3
0,146795,20
99,146815,8
9,146823,38
2,146861,34
1,146895,16
8,146911,21
1,146932,15
2,146947,4
1,146951,54
19,147005,12
1,147017,7
3,147024,6
7,147030,77
0,147107,43
2,147150,6
1,147156,15
2,147171,11
1,147182,12
3,147194,10
0,147204,8
4,147212,8
2,147220,54
0,147274,9
1,147283,17
2,147300,19
0,147319,65
2,147384,15
0,147399,19
2,147418,16
1,147434,32
0,147466,23
2,147489,3
7,147492,75
0,147567,17
2,147584,11
1,147595,8
9,147603,23
0,147626,4
12,147630,3
0,147633,4
99,147637,3
0,147640,21
7,147661,20
1,147681,6
11,147687,14
3,147705,11
3,147719,20
2,147739,34
1,147773,8
8,147781,42
1,147823,31
2,147854,26
3,147880,12
7,147892,5
3,147897,5
9,147902,32
1,147934,27
3,147961,4
1,147965,37
3,148002,3
8,148005,30
1,148035,12
18,148047,8
9,148055,10
1,148065,19
2,148084,11
1,148095,11
3,148106,5
1,148111,37
9,148148,15
1,148163,75
9,148238,55
1,148293,18
9,148311,15
1,148326,28
6,148354,12
3,148366,4
9,148370,15
1,148385,97
9,148482,4
1,148486,42
9,148528,31
1,148559,24
9,148583,49
1,148632,42
7,148674,13
1,148687,16
2,148703,4
1,148707,19
7,148726,42
3,148768,13
2,148781,62
23,148843,23
0,148866,44
1,148910,45
2,148955,34
15,148989,16
4,149005,4
0,149009,14
3,149023,7
6,149030,55
6,149089,43
0,149132,4
4,149136,3
6,149139,73
3,149212,5
0,149217,38
17,149255,155
2,149410,34
1,149444,18
99,149462,4
0,149466,55
6,149521,58
3,149579,8
0,149587,41
3,149628,3
0,149631,49
1,149680,43
0,149723,18
3,149741,4
1,149745,14
23,149759,20
99,149779,8
0,149787,44
2,149831,16
99,149847,4
3,149851,12
1,149863,12
3,149875,6
1,149881,26
2,149907,11
21,149918,82
0,150000,7
99,150007,18
0,150025,34
2,150059,18
6,150077,23
99,150100,8
0,150108,17
1,150125,16
2,150141,4
6,150145,42
4,150187,3
9,150190,29
1,150219,15
2,150234,19
1,150253,45
0,150298,25
3,150323,4
0,150331,18
5,150349,8
0,150357,48
3,150405,10
0,150415,10
1,150425,24
2,150449,12
0,150461,55
1,150516,35
2,150551,25
1,150576,54
2,150630,5
1,150635,15
3,150650,3
6,150653,76
7,150729,20
11,150749,3
0,150752,3
1,150755,56
2,150811,14
0,150825,9
2,150834,4
15,150838,45
0,150883,18
23,150901,9
1,150910,38
0,150948,19
5,150967,4
0,150971,6
2,150977,88
1,151065,121
2,151186,9
1,151195,5
19,151200,17
7,151217,26
19,151243,11
3,151254,7
1,151261,65
2,151326,27
6,151353,32
2,151385,7
17,151392,212
16,151604,12
14,151616,123
2,151739,27
1,151766,435
7,152201,52
2,152253,66
13,152319,3
0,152322,14
5,152336,4
0,152340,11
2,152351,17
1,152368,33
7,152401,26
1,152427,62
13,152489,4
0,152493,27
13,152520,6
0,152526,7
1,152533,47
2,152580,23
13,152603,4
0,152607,16
3,152623,35
5,152658,3
7,152661,61
5,152722,4
0,152726,26
1,152752,17
8,152769,7
1,152776,42
2,152818,21
0,152839,6
5,152845,7
0,152852,5
2,152857,42
1,152899,91
2,152990,155
6,153145,25
7,153170,63
99,153233,19
0,153252,49
2,153301,35
13,153336,11
1,153347,39
2,153386,10
3,153396,6
7,153402,55
2,153457,25
21,153482,31
99,153513,7
0,153520,7
5,153527,3
0,153530,4
5,153534,5
2,153539,18
13,153557,13
2,153570,5
99,153575,7
2,153582,23
0,153605,39
19,153644,91
3,153735,10
8,153745,13
1,153758,29
2,153787,45
0,153832,4
2,153836,17
2,153859,10
7,153869,27
13,153896,8
0,153904,14
13,153918,4
2,153922,29
5,153951,5
2,153956,18
1,153974,8
0,153982,3
1,153985,28
21,154013,40
3,154053,7
0,154060,22
9,154082,27
1,154109,33
13,154142,6
0,154148,5
18,154153,17
0,154170,67
8,154237,8
1,154245,17
8,154262,10
99,154272,4
0,154276,9
2,154285,12
9,154297,30
0,154327,21
99,154348,4
2,154352,36
5,154388,3
0,154391,27
9,154418,33
5,154451,4
0,154455,20
2,154475,12
2,154540,3
5,154544,2
0,154546,3
0,154552,12
4,154567,7
3,156306,20
0,156326,36
0,156365,84
5,156449,3
0,156452,9
8,156462,27
1,156489,48
6,156537,98
1,156642,27
2,156669,23
6,156692,32
15,156724,50
2,156774,5
1,156779,42
8,156821,22
1,156843,50
2,156893,7
1,156900,104
2,157004,25
15,157029,12
8,157041,9
1,157050,16
2,157066,5
1,157071,19
2,157090,11
6,157101,43
7,157144,34
3,157178,3
6,157181,77
20,157258,9
6,157267,6
22,157273,64
8,157337,18
1,157355,41
9,157396,27
2,157423,26
6,157449,59
2,157508,31
2,157543,5
0,157548,6
2,157554,22
4,157576,4
13,157597,5
2,157602,6
0,157608,20
3,157628,4
0,157632,31
5,157663,4
0,157667,6
2,157673,29
0,157702,12
2,157714,33
1,157747,33
8,157780,48
0,157828,33
2,157861,4
1,157865,23
0,157888,28
1,157916,20
8,157936,18
2,157954,34
5,157988,6
2,157994,14
0,158008,9
1,158017,14
0,158031,40
1,158071,59
2,158130,14
0,158144,43
5,158187,3
0,158190,23
3,158213,11
8,158224,14
1,158238,17
2,158255,5
1,158260,33
2,158293,12
1,158305,16
3,158321,5
1,158326,33
8,158359,21
1,158380,17
8,158397,24
1,158421,32
2,158453,15
1,158468,29
8,158497,5
1,158502,21
8,158523,6
1,158529,70
2,158599,4
1,158603,12
2,158615,4
1,158619,36
3,158655,9
8,158664,52
1,158716,51
7,158767,108
5,158875,4
0,158879,7
2,158886,89
0,158975,21
2,158996,24
0,159020,18
13,159038,6
0,159044,28
13,159072,42
7,159114,5
3,159119,6
0,159165,20
0,159192,7
7,159254,33
7,159293,28
0,159321,10
3,159331,3
1,159334,50
6,159386,39
3,159425,5
1,159430,10
2,159440,8
1,159448,24
2,159472,7
1,159479,24
3,159503,4
0,159507,14
3,159521,7
0,159528,32
5,159565,2
7,159567,46
2,159613,35
1,159648,47
7,159695,24
1,159719,12
2,159731,19
2,159751,14
2,159768,11
0,159779,27
1,159806,18
2,159824,90
3,159914,12
0,159926,7
2,159933,15
7,159948,52
1,160000,8
18,160008,11
0,160019,3
2,160022,34
1,160056,43
6,160099,36
1,160135,34
2,160169,22
1,160191,48
7,160239,84
1,160323,31
2,160354,6
1,160360,11
3,160371,13
1,160384,12
0,160396,24
2,160420,15
1,160435,12
7,160447,41
1,160488,55
2,160543,14
6,160557,31
3,160588,8
7,160596,38
1,160634,14
2,160648,14
0,160662,4
2,160666,8
1,160674,14
2,160688,8
1,160696,7
13,160703,5
1,160708,20
2,160728,71
1,160799,22
2,160821,7
1,160828,46
2,160874,6
1,160880,49
2,160929,6
1,160935,40
6,160975,23
1,160998,20
2,161018,21
1,161039,39
2,161078,4
1,161082,18
18,161100,9
1,161109,11
2,161120,4
1,161124,20
0,161144,12
1,161156,31
2,161187,16
1,161203,24
7,161227,16
3,161243,7
7,161250,121
2,161371,84
1,161455,13
3,161468,7
7,161475,57
13,161532,9
0,161541,11
1,161552,15
2,161567,35
1,161602,16
3,161618,10
7,161628,67
0,161695,21
7,161716,53
2,161769,44
1,161813,8
2,161821,49
2,161873,22
3,161895,6
8,161901,47
2,161948,29
1,161977,10
3,161987,66
7,162053,3
7,162057,21
4,162078,3
0,162081,10
3,162091,42
7,162133,8
99,162141,4
7,162145,40
2,162185,45
7,162230,17
1,162247,45
6,162292,179
2,162471,27
18,162498,5
0,162503,28
2,162531,12
15,162543,412
20,162955,21
1,162976,61
8,163037,11
14,163048,158
6,163206,154
8,163360,12
1,163372,104
8,163476,6
15,163482,53
6,163535,31
14,163566,47
20,163613,12
6,163625,19
14,163644,69
8,163713,23
14,163736,155
8,163891,12
14,163903,36
8,163939,6
15,163945,35
3,163980,6
6,163986,28
8,164014,24
14,164038,75
8,164113,6
1,164119,39
7,164158,30
1,164188,54
7,164242,13
15,164255,217
8,164472,28
15,164500,32
8,164532,14
15,164546,274
6,164820,34
14,164854,71
6,164925,57
1,164982,75
0,165057,9
14,165066,70
99,165136,5
0,165141,12
19,165153,23
14,165176,91
15,165267,82
14,165349,62
8,165411,15
15,165426,132
8,165558,14
6,165572,32
2,165604,18
1,165622,12
2,165634,25
8,165659,47
1,165706,18
2,165724,21
8,165745,24
3,165769,9
6,165778,19
4,165797,17
0,165814,4
0,165821,12
0,165837,8
0,165852,10
0,165863,10
2,165907,9
6,165917,39
6,165963,7
2,165994,43
4,166040,16
3,166056,5
2,166244,26
2,166271,7
0,166293,44
5,166337,4
0,166341,9
0,166353,4
3,166508,31
18,166539,26
11,166565,9
12,166590,4
4,166594,12
3,166606,9
4,166615,8
11,166623,23
0,166646,12
2,166658,40
0,166698,22
5,166720,4
0,166724,10
2,166734,14
23,166748,11
9,166759,31
99,166790,13
23,166803,28
0,166831,52
3,166883,7
4,166890,4
3,166894,10
2,166904,42
6,166946,74
3,167020,7
7,167027,65
9,167092,39
2,167131,26
0,167243,5
3,167248,33
2,167281,35
3,167316,25
6,167341,81
1,167422,26
7,167448,19
14,167467,99
6,167566,188
2,167754,24
17,167778,28
2,167806,32
1,167838,13
3,167851,3
7,167854,21
1,167875,9
99,167884,6
0,167890,7
2,167897,73
15,167970,183
14,168153,163
2,168316,24
2,168346,5
2,168355,13
2,168374,19
3,168393,14
2,168407,21
1,168428,17
2,168445,19
1,168464,12
2,168476,20
0,168496,5
3,168501,3
6,168504,100
18,168604,6
0,168610,8
2,168618,18
4,168636,10
3,168646,6
3,168658,28
7,168691,14
7,168707,16
1,168759,10
2,168782,5
7,168792,13
7,168807,69
99,168876,25
4,168901,4
99,168905,4
0,168986,14
99,169002,8
0,169034,12
0,169106,9
0,169123,5
0,169129,5
0,169163,28
4,169191,5
0,169393,11
2,169404,4
0,169413,11
0,169846,5
0,169853,4
11,169954,15
0,169997,3
99,170000,8
0,170053,17
0,170082,3
1,170085,15
2,170101,9
9,170238,26
9,170265,22
3,170288,13
11,170301,3
2,170967,6
2,170976,6
2,170985,20
0,171013,14
0,171184,17
4,171207,3
0,171210,6
2,171279,5
11,171296,5
0,171302,19
11,171546,8
0,171554,6
4,171560,4
0,171564,20
9,171621,3
9,171656,27
11,171683,4
0,171687,5
0,171693,28
11,171832,9
12,171866,5
4,171871,4
3,171875,11
2,171886,38
3,171924,15
0,171939,40
5,171979,3
0,171982,24
3,172006,42
8,172048,11
9,172059,14
1,172073,12
8,172085,9
9,172094,29
11,172123,4
0,172127,28
1,172155,27
2,172182,17
1,172199,18
8,172217,30
1,172247,19
2,172266,9
9,172275,62
0,172337,42
2,172379,10
0,172389,6
9,172395,35
0,172430,8
1,172438,26
3,172464,4
0,172468,8
3,172476,5
9,172481,133
1,172614,30
0,172644,80
8,172724,10
1,172734,41
2,172775,12
0,172787,22
3,172809,3
9,172812,126
1,172938,28
9,172966,115
1,173081,15
99,173096,4
0,173100,6
3,173106,8
2,173114,30
8,173144,34
3,173178,4
9,173182,59
3,173241,6
9,173247,83
1,173330,34
9,173364,189
3,173553,22
6,173575,75
14,173650,47
6,173697,151
1,173848,80
6,173928,65
1,173993,95
2,174088,28
7,174116,36
3,174152,16
4,174168,17
4,174198,4
3,174202,18
99,174220,4
2,174224,4
2,174239,5
99,174253,5
4,174258,6
12,174264,9
3,174273,4
9,174277,10
3,174287,4
7,174291,17
0,174308,33
6,174341,106
8,174447,15
1,174462,11
3,174473,9
1,174482,28
6,174510,48
1,174558,19
9,174577,35
2,174612,26
6,174638,44
2,174682,94
15,174776,56
2,174832,9
6,174841,44
2,174885,13
1,174898,17
7,174915,110
15,175025,61
3,175086,7
7,175093,173
0,175266,12
2,175278,77
6,175355,89
2,175444,102
99,175546,8
9,175554,38
1,175592,9
2,175601,8
1,175609,19
3,175628,29
6,175657,15
2,175672,35
0,175707,39
2,175746,39
1,175785,16
9,175801,35
2,175836,36
1,175872,16
2,175888,33
9,175926,12
0,175938,4
5,175942,7
0,175949,9
1,175960,20
9,175980,8
0,175988,12
0,176001,5
0,176010,44
2,176054,62
21,176116,111
99,176227,8
99,176239,8
7,176247,23
2,176270,87
1,176357,8
2,176365,4
1,176369,39
16,176408,18
1,176426,22
2,176448,38
15,176486,150
99,176636,13
15,176649,101
0,176750,9
99,176759,8
2,176767,15
1,176782,68
6,176850,31
3,176881,16
0,176897,43
8,176940,9
6,176949,30
2,176979,11
6,176993,14
7,177007,50
15,177057,37
8,177094,16
1,177110,26
8,177136,29
15,177165,14
23,177179,24
3,177203,9
6,177212,61
6,177275,7
3,177283,5
3,177289,17
6,177306,3
6,177311,22
8,177333,3
8,177337,29
14,177366,13
8,177379,20
15,177399,11
3,177410,11
8,177421,79
3,177500,9
7,177509,9
99,177518,3
8,177521,49
1,177570,93
2,177663,9
0,177672,23
1,177695,20
7,177715,113
0,177828,19
8,177847,24
7,177871,28
0,177899,9
7,177908,27
2,177935,24
8,177959,17
99,177976,6
4,177982,16
0,178005,20
3,178025,4
7,178029,46
4,178075,5
0,178081,4
2,178085,11
2,178100,15
1,178115,13
2,178128,14
1,178142,20
3,178162,19
2,178181,38
3,178219,23
0,178242,9
3,178251,10
6,178261,17
99,178278,4
16,178282,35
3,178317,14
2,178331,16
1,178347,23
2,178370,9
6,178379,52
1,178431,54
2,178485,87
1,178572,6
2,178578,9
7,178587,119
1,178706,43
2,178749,19
0,178768,25
1,178793,33
9,178826,11
1,178837,144
7,178981,89
3,179070,7
0,179229,8
1,179569,11
2,179584,7
3,179591,17
4,179608,21
11,179629,3
3,179745,4
8,179759,7
1,179766,10
1,179779,15
1,179799,8
2,179832,13
4,179845,9
12,179854,4
3,179858,16
0,179874,3
99,179877,6
0,179883,17
11,179900,12
99,179912,7
3,179919,5
7,179924,38
2,179962,21
0,179983,40
11,180023,8
4,180031,8
0,180039,8
1,180047,41
8,180088,11
14,180099,52
8,180151,4
1,180155,60
18,180215,4
1,180219,10
11,180229,9
4,180238,10
3,180248,4
7,180252,37
1,180289,23
2,180312,25
1,180337,12
3,180349,3
6,180352,7
3,180359,19
2,180378,24
7,180402,35
0,180444,5
5,180449,3
0,180452,12
7,180464,18
0,180482,14
13,180496,9
8,180505,25
1,180530,18
7,180548,14
3,180562,16
11,180578,22
0,180690,5
3,180697,17
12,180750,3
3,180753,3
99,180761,11
11,180772,7
0,180822,68
4,180890,3
0,180897,5
0,182126,5
0,182137,3
11,182150,5
0,182169,11
99,182180,8
0,182190,5
3,182598,9
8,182629,4
3,182633,14
2,182647,43
9,182690,33
11,182723,3
0,182726,45
99,182771,16
9,182787,28
99,182815,7
9,182822,13
1,182835,81
8,182916,28
4,182944,5
11,182952,5
0,183135,5
0,183144,13
3,183388,6
7,183394,12
0,183406,7
99,183413,16
0,183429,10
99,183470,3
0,183473,5
2,183494,14
0,183508,6
2,183546,5
2,183555,5
2,183574,8
1,183582,10
13,183592,3
7,183595,3
7,183600,6
7,183611,22
0,183633,7
3,183640,6
7,183648,20
5,183668,3
7,183671,8
0,183679,6
3,183685,44
0,183729,10
3,183739,15
2,183754,16
99,183771,8
0,183782,10
3,183792,47
5,183839,4
8,183843,14
0,183857,3
3,183860,26
99,183886,5
3,183891,25
4,183922,8
0,183930,7
5,183937,9
2,183946,31
2,183981,12
1,183993,10
0,184003,20
2,184023,4
1,184027,9
2,184036,35
1,184071,8
2,184079,25
0,184104,17
3,184121,25
5,184146,6
0,184152,5
3,184157,7
2,184164,10
4,184174,7
99,184181,14
4,184197,13
99,184210,5
99,184299,3
4,184549,16
3,184565,9
0,184574,31
2,184605,33
1,184638,51
3,184689,26
0,184715,10
11,184725,9
5,184734,4
3,184738,7
6,184745,38
4,184783,14
0,184797,29
1,184826,20
7,184846,38
3,184884,5
4,184889,7
99,184896,4
4,184900,8
11,184908,14
11,185098,8
8,185106,25
3,185131,11
2,185142,17
5,185159,4
9,185163,49
0,185215,6
12,185221,3
4,185224,5
4,185237,11
3,185248,7
7,185255,31
13,185286,3
1,185289,22
2,185311,5
1,185316,24
2,185340,12
1,185352,4
3,185356,6
0,185362,5
3,185367,14
8,185381,14
4,185395,11
2,185406,20
2,185431,13
14,185444,48
8,185492,18
3,185510,21
4,185531,3
3,185534,11
6,185545,10
2,185555,38
7,185593,7
8,185600,72
3,185672,17
0,185689,11
3,185700,14
2,185714,30
13,185744,11
9,185755,44
2,185799,25
0,185824,36
99,185860,14
0,185874,33
2,185907,43
1,185950,29
2,185979,112
13,186091,4
7,186095,22
13,186117,11
99,186128,8
2,186302,17
2,186321,6
0,186793,8
3,186801,22
6,186823,47
6,186883,3
14,186886,51
8,186937,10
1,186947,75
2,187022,89
1,187111,18
2,187129,31
6,187160,25
14,187185,41
2,187226,5
14,187231,38
2,187269,7
17,187276,55
16,187331,30
15,187361,41
7,187402,16
14,187418,27
6,187445,194
1,187639,95
6,187734,49
1,187783,16
16,187799,69
16,187869,102
1,187971,37
6,188008,63
14,188071,170
8,188241,43
1,188284,18
19,188302,62
1,188364,53
7,188417,48
8,188465,24
1,188489,19
0,188508,3
2,188511,25
99,188536,5
9,188541,11
0,188552,55
2,188607,21
9,188628,41
0,188669,17
2,188686,14
0,188700,10
5,188710,4
0,188714,20
1,188734,93
2,188827,25
9,188852,44
0,188896,20
7,188916,16
8,188932,16
1,188948,31
0,188979,20
7,188999,25
9,189024,42
0,189066,14
2,189080,31
1,189111,57
8,189168,10
0,189178,22
4,189200,5
2,189205,9
5,189214,3
0,189217,72
3,189289,11
0,189300,58
2,189358,12
0,189370,10
3,189380,3
0,189383,24
1,189407,10
5,189417,4
0,189421,22
5,189443,6
1,189449,23
0,189472,4
1,189476,14
3,189490,3
0,189493,101
5,189594,4
0,189598,17
2,189615,4
1,189619,38
0,189657,6
2,189663,8
17,189671,24
3,189695,21
99,189716,4
11,189720,6
2,189726,35
3,189761,19
4,189780,5
0,189785,6
3,189791,11
5,189802,4
99,189806,5
0,189811,7
4,189818,5
0,189823,3
99,189955,71
11,190159,5
0,190167,5
16,190173,4
2,190177,6
0,190196,6
0,190311,5
99,190316,8
0,190340,10
9,190356,34
11,190419,7
99,190426,8
3,190490,19
2,190509,100
6,190609,32
1,190641,41
7,190682,52
1,190734,61
8,190795,28
1,190823,12
8,190835,8
1,190843,56
8,190899,11
1,190910,15
3,190925,18
1,190943,90
9,191033,27
1,191060,27
9,191087,54
1,191141,75
17,191216,251
3,191467,20
6,191487,25
1,191512,250
17,191762,118
7,191880,53
1,191933,86
2,192019,9
11,192028,22
12,192081,5
4,192086,11
9,192097,4
4,192101,4
0,192105,14
4,192119,7
13,192126,7
8,192133,48
4,192181,7
0,192188,4
1,192330,12
12,193087,3
4,193606,3
0,193616,6
99,193818,6
99,193827,6
0,193835,6
2,194770,66
1,194836,10
0,194846,31
2,194877,10
7,194887,61
3,194948,13
9,194961,14
3,194975,29
0,195004,16
1,195020,44
7,195064,31
0,195109,38
2,195147,24
4,195171,3
0,195174,5
11,195179,3
0,195182,39
18,195221,13
3,195234,25
0,195259,31
3,195290,11
2,195301,16
2,195321,42
0,195363,13
2,195376,23
3,195399,17
6,195416,25
3,195441,15
4,195456,4
4,195462,9
8,195471,20
5,195491,3
0,195497,3
1,195500,54
3,195554,12
1,195566,47
9,195613,15
0,195628,18
3,195646,14
0,195660,17
1,195677,36
8,195713,23
1,195736,15
2,195751,13
13,195764,3
0,195767,59
1,195826,43
2,195869,13
1,195882,8
3,195890,4
1,195894,19
8,195913,16
7,195929,16
3,195945,8
1,195953,27
2,195980,6
1,195986,32
9,196018,16
1,196034,24
3,196058,3
6,196061,71
8,196132,25
2,196157,16
1,196173,33
0,196206,5
0,196223,23
7,196246,20
2,196266,19
1,196285,11
3,196296,4
7,196300,12
1,196312,56
8,196368,4
1,196372,4
1,196378,8
0,196386,9
3,196395,3
1,196398,97
7,196495,40
7,196538,22
6,196567,89
1,196656,16
8,196672,8
1,196680,120
2,196800,16
1,196816,9
2,196825,19
1,196844,19
2,196863,9
99,196872,6
1,196878,46
2,196924,9
1,196933,11
99,196944,66
2,197010,9
1,197019,11
3,197030,30
2,197060,31
9,197096,8
9,197109,24
1,197146,4
1,197153,3
9,197206,17
16,197223,21
1,197244,41
16,197285,35
17,197320,40
3,197360,6
1,197366,70
6,197436,29
2,197465,3
2,197469,11
21,197480,64
16,197544,15
1,197559,9
99,197568,9
0,197577,24
2,197601,9
2,197612,5
2,197628,22
7,197657,5
7,197667,23
1,197690,33
0,197723,6
9,197771,4
9,197778,7
9,197786,16
20,197802,28
20,197835,26
1,197861,20
8,197881,35
8,197919,20
8,197942,8
3,197955,3
8,197967,11
8,198050,3
8,198054,31
0,198085,8
8,198130,5
8,198140,13
7,198153,17
6,198170,20
6,198196,18
6,198225,5
99,198234,7
0,198241,5
0,199353,6
0,199366,10
1,201159,5
1,201168,5
1,201200,10
2,201214,6
6,201293,7
6,201349,3
1,201353,9
1,201365,5
7,201370,5
3,204732,6
0,204738,25
1,204763,55
7,204818,25
1,204843,16
2,204859,13
1,204872,63
3,204935,3
7,204938,85
7,205026,3
1,205042,16
8,205058,16
1,205074,47
3,205121,3
1,205124,25
2,205149,4
1,205153,178
7,205331,52
2,205383,6
1,205389,58
2,205447,17
2,205467,16
13,205483,45
13,205530,18
5,205554,10
4,205564,8
3,205573,15
6,205588,12
2,205600,25
3,205625,22
2,205647,108
4,205755,4
4,205761,9
3,205770,3
7,205773,31
3,205804,5
9,205809,52
8,205861,43
5,205904,3
0,205908,5
3,205913,5
2,205918,17
8,205935,24
1,205959,16
0,205975,58
0,206038,6
11,206044,6
0,206067,12
0,206086,3
11,206089,7
9,206098,14
0,206112,15
3,206127,13
3,206147,3
1,206150,12
2,206162,17
1,206179,24
8,206203,24
0,206227,9
2,206236,24
1,206260,6
3,206266,3
9,206269,16
0,206285,10
2,206295,5
1,206300,17
2,206317,10
1,206327,24
7,206351,69
8,206420,13
1,206433,31
8,206464,11
0,206475,7
1,206482,42
2,206524,7
1,206531,23
2,206554,21
0,206575,21
9,206596,34
8,206630,4
1,206634,79
20,206713,29
4,206742,4
0,206746,7
3,206753,6
1,206759,16
9,206775,32
1,206807,15
2,206822,13
1,206835,21
9,206856,41
0,206897,3
1,206900,24
2,206924,5
1,206929,12
20,206941,3
1,206944,22
0,206966,4
1,206970,14
2,206984,16
1,207000,54
7,207054,60
3,207114,5
7,207119,23
2,207142,14
3,207156,39
6,207195,10
6,207207,17
6,207228,5
6,207243,3
6,207272,9
2,207281,40
6,207321,57
14,207378,80
6,207458,74
17,207532,98
1,207630,162
7,207792,54
2,207846,33
3,207879,12
1,207891,99
3,207990,4
8,207994,31
7,208025,36
1,208061,22
2,208083,18
1,208101,18
1,208121,6
8,208127,13
1,208140,6
1,208148,13
2,208161,6
1,208167,43
2,208210,30
2,208245,5
1,208250,48
23,208298,8
1,208306,37
7,208343,92
1,208435,30
1,208466,31
8,208497,3
15,208500,24
7,208524,28
2,208552,28
7,208580,25
99,208605,7
9,208612,54
3,208667,17
0,208684,21
1,208705,54
7,208759,36
1,208795,68
2,208863,9
17,208872,124
7,208996,22
1,209018,35
7,209053,104
1,209157,11
3,209168,6
1,209174,36
9,209210,5
1,209215,7
1,209223,5
2,209233,7
2,209243,10
7,209253,56
1,209309,11
9,209320,32
1,209352,97
7,209449,4
0,209453,25
2,209478,8
17,209486,28
13,209514,5
7,209519,136
1,209655,83
7,209755,22
1,209777,9
18,209786,6
1,209792,31
6,209875,9
8,209884,14
8,209906,13
1,209919,13
2,209932,16
1,209948,11
0,209965,62
13,210027,3
0,210030,8
2,210038,15
0,210053,4
9,210057,45
5,210102,4
0,210106,4
7,210110,74
99,210231,5
0,210241,5
0,210259,10
0,210273,29
2,210388,16
1,210404,62
7,210466,27
3,210493,6
4,210506,7
2,210513,66
9,210579,19
1,210598,15
9,210613,18
2,210631,29
1,210660,13
1,210677,10
2,210687,38
2,210739,11
2,210755,6
3,210761,5
6,210766,8
6,210804,34
2,210843,7
2,210853,5
6,210858,8
6,210886,4
1,210890,8
1,210907,3
1,210921,5
6,210926,3
6,210941,8
6,210952,28
0,210980,16
8,210996,68
8,211065,9
1,211085,44
6,211129,10
14,211139,56
8,211195,46
1,211241,33
6,211274,96
6,211373,5
14,211378,121
8,211499,3
1,211502,76
8,211578,28
1,211606,73
9,211679,39
2,211718,11
2,211734,14
1,211748,47
2,211795,54
1,211849,27
8,211876,12
14,211888,64
6,211952,83
0,212035,9
8,212044,6
6,212050,34
1,212084,60
8,212144,17
14,212161,146
2,212307,13
6,212320,75
1,212395,82
17,212477,27
99,212504,11
8,212515,16
6,212531,127
8,212658,20
0,212678,8
3,212686,5
2,212691,31
1,212722,6
8,212728,3
1,212731,32
2,212763,12
1,212775,16
2,212791,66
1,212857,7
0,212864,35
2,212899,50
8,212949,11
1,212960,14
7,212974,43
1,213017,113
2,213130,21
1,213151,110
2,213261,23
1,213284,19
2,213303,28
9,213331,28
1,213359,24
7,213383,46
3,213429,24
6,213453,128
1,213581,45
6,213626,31
1,213657,20
6,213677,202
1,213879,40
6,213919,36
2,213958,8
7,213966,35
6,214001,32
3,214033,3
0,214036,44
1,214080,37
2,214117,30
3,214149,10
0,214159,49
1,214208,289
9,214497,54
1,214551,21
2,214572,7
7,214579,41
0,214620,18
1,214638,8
2,214646,12
1,214658,68
2,214726,6
1,214732,29
0,214761,23
1,214784,45
1,214833,63
9,214896,15
1,214926,52
2,214978,38
3,215016,6
0,215022,22
2,215044,28
2,215075,17
14,215092,41
17,215133,45
7,215178,57
1,215235,123
2,215358,19
1,215377,28
2,215405,17
7,215422,62
1,215484,23
8,215507,9
6,215516,24
2,215540,15
17,215555,130
2,215685,73
3,215758,8
9,215766,11
9,215778,16
18,215794,9
9,215803,28
2,215831,65
4,215898,4
99,215905,4
16,215909,36
2,215945,18
2,215967,17
2,216002,47
1,216049,49
2,216098,22
6,216120,35
2,216165,27
6,216192,39
8,216231,17
11,216248,4
0,216252,26
1,216278,12
9,216290,12
9,216303,6
1,216309,59
9,216368,25
1,216394,23
2,216417,45
1,216462,41
2,216503,9
1,216512,17
19,216529,13
1,216542,10
0,216552,7
3,216559,3
9,216562,12
1,216574,31
2,216605,19
1,216624,9
2,216633,8
6,216641,33
6,216677,61
1,216738,42
7,216780,41
0,216821,15
3,216836,5
7,216841,18
15,216859,84
2,216943,34
9,216977,58
3,217035,10
2,217045,20
7,217065,61
1,217126,20
6,217146,26
2,217172,28
2,217203,9
1,217212,28
2,217240,38
1,217278,19
2,217297,16
6,217313,27
3,217366,3
3,217374,8
2,217382,32
9,217414,31
9,217472,14
6,217486,22
3,217516,10
8,217526,6
6,217532,15
6,217565,52
6,217632,20
1,217652,19
1,217696,16
0,217712,22
1,217734,8
1,217747,32
6,217779,28
2,217807,5
2,217827,10
6,217837,10
6,217856,9
6,217867,23
6,217917,83
18,218000,12
6,218012,13
8,218025,10
1,218035,51
6,218086,148
1,218234,43
8,218277,3
14,218280,54
99,218334,4
0,218338,11
99,218349,5
6,218354,50
6,218406,58
1,218464,42
2,218506,28
1,218534,72
17,218606,112
16,218718,14
1,218732,15
2,218747,94
17,218841,76
2,218917,11
9,218928,95
1,219023,24
6,219047,80
0,219127,5
3,219132,4
0,219136,8
2,219144,19
6,219163,56
2,219219,13
17,219232,32
9,219264,17
1,219281,30
6,219311,92
8,219403,45
1,219448,21
2,219469,47
1,219516,53
2,219569,19
0,219627,17
2,219644,7
6,219678,51
2,219729,66
1,219795,38
8,219833,25
8,219864,6
1,219885,3
2,219900,20
6,219920,69
13,219989,5
0,219994,61
9,220055,35
6,220090,17
2,220107,18
1,220125,17
2,220142,16
99,220158,4
0,220162,12
8,220174,26
0,220200,9
2,220209,18
1,220227,35
3,220262,4
1,220266,11
0,220277,122
2,220399,11
0,220410,14
2,220429,26
0,220455,27
3,220482,10
3,220500,9
6,220509,30
1,220539,22
8,220561,43
1,220604,17
2,220621,7
6,220628,38
20,220666,17
1,220683,55
2,220738,12
6,220750,31
6,220786,8
0,220802,8
2,220816,7
2,220825,19
1,220844,9
0,220853,3
1,220856,26
3,220882,9
4,220891,20
8,220911,13
1,220924,9
9,220933,127
8,221060,21
7,221081,30
1,221111,31
2,221142,3
2,221148,4
99,221152,5
99,221160,4
4,221164,13
99,221198,13
3,221211,4
1,221215,47
16,221262,6
16,221273,19
20,221292,5
0,221302,5
2,221430,3
8,221477,17
1,221494,36
7,221530,45
3,221575,11
1,221586,20
0,221606,45
3,221651,8
7,221659,7
7,221670,5
7,221692,12
19,221935,63
1,221998,20
1,222021,18
2,222039,13
0,222052,6
9,222192,23
19,222215,10
9,222225,23
3,222248,14
9,222262,25
7,222287,6
1,222293,8
0,222301,16
4,222322,5
0,222330,14
3,222353,22
16,225123,6
1,225129,68
17,225197,139
22,225336,23
1,225359,6
21,225365,13
1,225378,22
8,225400,9
1,225409,75
0,225484,14
3,225498,8
12,225506,8
3,225514,7
7,225557,15
7,225581,3
7,225591,3
1,225594,191
1,225811,26
7,225837,4
7,225849,3
1,225852,86
7,225938,51
0,225990,3
2,225993,23
1,226016,11
3,226027,5
0,226032,9
3,226041,5
7,226046,28
1,226074,14
2,226088,28
2,226118,41
99,226173,3
0,226176,8
0,226190,8
0,226221,5
0,226231,5
0,226241,11
0,226253,5
3,226283,9
0,226292,27
5,226319,3
7,226322,45
3,226367,6
0,226374,39
1,226413,38
3,226455,5
1,226460,30
3,226490,21
3,226513,7
2,226520,10
2,226558,11
1,226569,12
2,226583,5
2,226602,6
3,226615,4
9,226619,64
0,226686,4
0,226694,44
3,226741,18
0,226759,6
2,226765,9
0,226774,9
4,226783,3
0,226800,12
0,226819,7
5,226826,3
0,226829,10
3,226872,4
3,227066,6
7,227078,4
3,227100,11
7,227115,17
3,227157,3
2,227236,31
0,227267,3
2,227270,26
11,227296,11
99,227313,6
16,227319,42
14,227361,52
6,227413,62
14,227475,38
15,227513,148
8,227661,15
1,227676,19
3,227695,3
6,227698,53
1,227751,33
22,227784,65
14,227849,16
14,227869,45
6,227914,135
6,228052,44
14,228096,47
15,228143,47
2,228190,32
1,228222,21
8,228243,59
7,228302,48
1,228350,26
20,228376,19
16,228395,12
15,228407,125
8,228532,3
1,228535,115
16,228650,7
15,228657,126
3,228783,32
6,228815,40
15,228855,118
14,228973,161
17,229134,52
3,229186,10
3,229207,8
0,229215,41
2,229256,9
0,229265,26
19,229291,8
6,229299,49
3,229348,17
1,229365,27
6,229392,15
2,229407,30
1,229437,19
7,229456,15
3,229471,23
9,229494,27
1,229521,161
19,229682,12
1,229694,211
9,229905,25
3,229930,19
8,229956,7
4,229987,14
0,230084,7
99,230151,3
0,230154,8
3,230162,7
6,230169,5
3,230177,6
0,230183,7
99,230265,3
0,230268,9
0,230284,5
4,230298,3
3,230301,8
6,230313,10
15,230323,72
3,230430,11
6,230441,7
15,230456,39
15,230500,18
6,230518,73
6,230595,86
1,230681,15
6,230696,33
6,230736,15
2,230751,7
17,230758,42
7,230800,22
4,230822,3
0,230825,3
14,230828,29
6,230857,119
3,230976,4
21,230980,41
2,231021,42
17,231063,88
9,231151,15
99,231166,3
0,231169,31
1,231200,19
16,231219,21
16,231243,21
15,231264,99
15,231377,51
2,231428,5
1,231433,13
9,231446,25
1,231471,11
16,231482,69
15,231551,34
15,231592,43
16,231635,68
15,231703,16
15,231720,119
7,231839,6
1,231845,39
16,231884,30
14,231914,61
6,231975,11
20,231986,7
1,231993,19
2,232012,3
6,232015,17
6,232033,67
20,232100,35
1,232135,9
8,232144,23
6,232167,26
14,232193,21
8,232214,10
14,232224,85
16,232309,38
1,232347,112
8,232459,15
15,232474,77
16,232551,38
1,232589,121
3,232710,3
6,232713,52
2,232765,13
15,232778,70
16,232848,52
20,232900,30
9,232930,34
8,232964,11
1,232975,41
16,233016,78
1,233094,13
9,233107,24
1,233131,27
7,233158,52
15,233210,131
8,233341,34
6,233375,76
3,233451,9
21,233460,57
2,233517,6
6,233523,75
14,233598,66
14,233669,13
14,233685,125
21,233810,8
1,233818,28
7,233846,9
15,233855,221
8,234076,15
14,234091,38
16,234129,14
22,234143,21
1,234164,26
6,234190,7
1,234197,32
7,234246,10
1,234256,17
2,234273,4
1,234277,27
7,234304,70
14,234374,82
21,234456,18
14,234474,90
15,234564,175
2,234739,24
1,234763,88
18,234851,4
1,234855,16
16,234871,20
1,234891,10
18,234901,5
14,234906,78
16,234984,70
18,235054,13
1,235067,38
21,235105,183
1,235288,50
16,235338,18
1,235356,42
18,235398,36
6,235434,55
18,235489,13
6,235502,34
2,235536,50
6,235586,45
3,235631,5
99,235636,8
18,235644,16
6,235660,45
3,235705,6
3,235714,5
7,235724,23
3,235747,11
4,235758,10
3,235768,3
0,235772,7
2,235779,14
2,235794,8
2,235819,5
2,235825,4
99,235832,3
0,235835,5
0,235841,3
8,235850,29
6,235879,70
16,235949,63
1,236012,14
3,236026,16
0,236042,8
1,236050,24
9,236074,36
3,236110,26
6,236136,57
1,236193,57
16,236250,38
1,236288,114
16,236402,16
14,236418,50
2,236468,4
1,236472,53
16,236525,24
1,236549,119
6,236668,27
2,236695,9
14,236704,31
2,236735,4
1,236739,19
3,236758,3
6,236761,15
2,236776,16
1,236792,68
16,236860,9
14,236869,112
2,236981,8
1,236989,101
6,237090,157
1,237247,60
2,237307,6
6,237313,137
15,237450,110
14,237560,105
2,237665,27
1,237692,55
7,237747,8
1,237755,35
2,237790,13
3,237803,22
15,237825,120
16,237945,41
1,237986,86
6,238072,17
1,238089,14
2,238103,5
14,238108,61
6,238169,9
14,238178,66
15,238244,67
6,238311,39
3,238350,3
15,238353,182
3,238535,23
4,238558,12
3,238571,53
1,238624,16
2,238640,19
15,238659,24
16,238683,13
18,238696,24
16,238720,70
16,238793,32
1,238825,18
18,238843,18
18,238862,6
18,238879,4
0,238942,8
0,238953,31
18,238984,18
0,239002,23
0,239028,6
0,239038,24
16,239062,34
1,239096,18
2,239116,6
2,239126,4
21,239131,3
21,239137,13
0,239153,11
2,239164,4
1,239168,25
2,239193,19
2,239214,11
0,239250,5
12,239258,5
3,239263,15
0,239278,8
2,239286,6
2,239299,13
1,239312,40
0,239352,3
2,239355,10
2,239373,7
2,239387,18
0,239405,4
8,239413,8
16,239457,48
2,239505,31
2,239547,4
1,239551,14
1,239572,20
9,239628,3
9,239637,3
8,239646,27
8,239680,6
0,239696,2
2,239699,2
2,239706,16
11,239736,3
0,239772,5
0,239780,3
1,239783,55
2,239905,8
2,239921,9
1,239930,24
6,239956,33
6,239993,3
1,239996,4
15,240000,68
7,240068,37
1,240105,24
0,240150,7
11,240182,4
0,240186,7
0,240276,5
0,240283,5
11,240305,12
11,240320,5
0,240327,2
20,240329,18
20,240354,17
0,240372,13
11,240385,19
1,240432,23
1,240456,36
3,240492,3
0,240495,15
16,240510,116
2,240626,35
3,240661,9
3,240671,8
6,240683,25
8,240719,12
6,240731,32
2,240763,5
1,240768,95
2,240863,5
1,240868,181
2,241049,4
6,241053,29
1,241082,32
2,241114,35
6,241149,34
1,241183,20
3,241203,8
2,241211,17
4,241228,4
11,241232,9
4,241241,7
3,241252,7
1,241259,176
7,241435,31
7,241475,25
1,241500,35
2,241535,10
4,241545,7
3,241552,7
2,241559,8
0,241814,36
1,242209,45
7,242254,31
1,242285,28
7,242313,37
1,242350,71
7,242421,19
7,242441,6
7,242455,17
7,242473,11
7,242486,10
99,242573,4
3,242577,11
6,242588,39
3,242627,8
9,242635,39
1,242674,24
0,242698,15
1,242713,8
3,242721,8
1,242729,41
9,242770,8
9,242781,42
1,242823,18
2,242841,7
1,242848,38
9,242886,14
3,242900,35
6,242944,74
14,243018,54
6,243072,45
2,243117,9
14,243126,340
6,243466,61
2,243527,10
1,243537,21
6,243558,59
14,243617,53
6,243670,63
14,243733,141
6,243874,69
3,243943,7
3,243953,13
1,243966,39
22,244005,87
1,244092,56
9,244148,37
3,244185,4
7,244189,74
1,244263,18
16,244281,37
1,244318,9
99,244327,4
21,244331,24
0,244365,15
2,244384,12
1,244396,40
16,244436,12
1,244448,72
16,244520,29
1,244549,17
2,244566,10
1,244576,9
16,244585,66
22,244651,22
16,244673,13
1,244686,29
20,244715,30
2,244745,13
1,244758,13
2,244771,29
2,244802,4
2,244810,9
16,244819,23
0,244849,7
22,244856,19
8,244875,4
15,244879,47
1,244941,14
2,244955,5
1,244960,13
0,244973,14
22,244987,8
22,244998,11
15,245009,18
8,245027,6
14,245033,48
8,245081,44
1,245125,37
8,245162,11
15,245173,40
14,245213,120
8,245333,5
1,245338,81
3,245419,4
15,245423,75
22,245498,18
1,245516,18
8,245534,7
15,245541,61
8,245602,22
6,245624,44
14,245668,46
8,245714,4
7,245718,13
1,245731,3
22,245734,27
0,245761,10
8,245771,17
6,245788,85
1,245873,12
0,245885,6
2,245891,56
6,245947,29
2,245981,51
17,246032,117
1,246149,42
3,246191,18
3,246210,17
1,246227,18
2,246245,63
1,246308,20
2,246328,43
6,246371,16
1,246387,18
16,246405,46
8,246451,39
1,246490,14
11,246504,3
0,246507,25
2,246532,29
1,246561,16
3,246577,4
0,246581,43
0,246627,5
1,246632,33
2,246665,87
1,246752,7
3,246759,3
6,246762,37
3,246799,8
0,246807,23
15,246830,28
8,246858,58
1,246916,30
8,246946,12
1,246958,25
0,246983,9
6,246992,38
1,247030,20
8,247050,30
0,247080,29
3,247109,5
1,247114,38
2,247152,50
2,247205,23
2,247229,18
15,247247,33
3,247280,13
3,247296,3
8,247299,3
8,247306,5
8,247315,47
1,247362,10
18,247372,22
2,247394,26
2,247424,17
9,247441,53
1,247494,22
2,247516,24
1,247540,33
9,247573,32
1,247605,34
9,247639,99
9,247741,9
9,247766,7
1,247773,69
2,247842,33
0,247875,8
99,247883,9
1,247892,8
3,247900,8
6,247908,8
6,247917,6
0,247923,26
8,247950,9
8,247963,8
3,247976,4
3,247988,6
4,247994,7
99,248001,6
2,248007,8
3,248016,3
2,248058,4
2,248064,15
3,248082,7
2,248089,7
2,248100,6
0,248145,4
0,248176,3
11,248179,8
9,248210,11
4,248359,6
3,248400,3
3,248404,6
3,248415,6
1,248421,94
17,248515,87
1,248602,20
16,248622,14
1,248636,16
8,248652,23
3,248675,7
9,248707,49
3,248766,10
3,248785,4
4,248798,3
3,248803,22
8,248825,31
8,248862,5
3,248867,10
8,248877,49
1,248926,12
0,248938,5
1,248946,9
0,248955,18
8,248973,4
8,248980,8
8,248992,22
1,249021,7
8,249051,7
1,249058,3
2,249061,26
1,249087,4
99,249095,5
9,249100,6
9,249111,18
1,249129,13
1,249158,14
1,249182,59
16,249241,34
1,249275,19
16,249294,12
1,249306,37
9,249343,32
1,249375,12
2,249387,10
6,249410,117
1,249527,70
2,249597,76
3,249673,21
9,249694,49
9,249747,7
2,249754,15
1,249769,11
9,249784,4
9,249794,18
8,249812,4
8,249817,3
8,249829,18
1,249847,14
3,249861,11
2,249872,17
2,249893,10
1,249906,51
2,249957,7
6,249967,33
0,250000,3
99,250008,13
99,250023,7
6,250052,21
6,250077,16
6,250096,6
6,250104,28
6,250135,3
6,250163,4
6,250170,18
2,250188,4
2,250197,4
21,250201,12
21,250214,15
21,250230,3
16,250233,30
16,250268,3
2,250271,4
2,250279,3
2,250286,4
1,250290,7
1,250302,6
2,250310,64
0,250374,20
3,250394,7
2,250401,20
2,250425,7
2,250438,33
1,250471,26
2,250497,68
1,250565,51
2,250622,9
4,250649,3
3,250690,10
99,250700,3
3,250766,7
3,250794,8
2,250802,3
2,250808,18
18,250885,5
9,250890,10
9,250905,66
1,250971,20
2,250991,7
7,250998,48
7,251049,33
1,251082,11
9,251093,69
4,251163,4
0,251225,8
0,251234,5
3,251258,6
0,251280,4
3,251327,3
0,251339,6
0,251348,5
11,251387,6
4,251393,3
6,251414,13
6,251431,137
18,251568,11
15,251579,89
3,251668,11
8,251685,17
1,251702,34
0,251736,11
22,251747,29
2,251776,11
1,251787,13
0,251800,4
15,251804,137
0,251941,9
8,251950,13
9,251963,19
99,251982,3
0,251985,7
11,251992,4
8,251996,22
9,252018,12
3,252030,3
8,252033,17
0,252050,21
18,252071,4
2,252075,20
15,252095,62
3,252157,4
0,252161,3
0,252168,6
3,252174,21
6,252198,13
3,252211,18
7,252229,49
1,252278,72
1,252351,4
6,252355,20
2,252375,5
2,252386,9
3,252399,6
3,252411,15
2,252430,26
4,252456,5
4,252471,6
5,252478,3
0,252481,5
1,252506,4
3,252510,6
7,252516,18
0,252537,9
0,252577,11
1,252589,24
3,252629,3
8,252632,9
8,252655,4
8,252678,4
3,252721,3
7,252724,36
8,252760,12
4,252776,7
3,252791,3
3,252796,5
8,252801,14
1,252815,12
2,252827,4
1,252831,38
21,252869,14
14,252883,49
17,252932,35
14,252967,149
7,253116,22
1,253138,12
3,253150,17
7,253170,3
7,253207,7
2,253214,12
1,253226,8
16,253234,22
15,253256,17
2,253273,29
1,253302,45
8,253347,23
22,253370,35
2,253405,17
1,253422,11
2,253433,8
1,253441,48
8,253489,33
1,253522,36
16,253558,17
1,253575,54
22,253629,69
1,253698,101
8,253799,4
1,253803,104
22,253907,56
15,253963,60
2,254023,17
1,254040,75
6,254115,49
1,254164,6
20,254170,26
1,254196,14
8,254210,16
1,254226,17
9,254243,80
22,254323,45
1,254368,12
3,254380,6
1,254386,8
3,254394,3
1,254397,16
8,254413,15
15,254428,13
3,254441,5
7,254446,21
1,254467,45
21,254512,54
1,254566,4
1,254581,7
16,254588,12
1,254600,7
2,254607,6
1,254613,10
0,254623,13
18,254636,10
16,254646,15
3,254661,3
7,254664,16
2,254680,12
15,254692,43
2,254735,8
2,254745,13
15,254758,143
9,254901,27
9,254933,26
1,254959,11
0,254970,5
1,254975,71
99,255046,10
1,255056,57
7,255113,7
